amino_acid	v_gene	frequency	target_seq
CASSLTRLGVYGYTF	TRBV6-6*05	0.06351	CASSLTRLGVYGYTF
CASSKREIHPTQYF	TRBV28*01(179.7)	0.043778	CASSKREIHPTQYF
CASSLEGGAAMGEKLFF	TRBV28*01(194.7)	0.039882	CASSLEGGAAMGEKLFF
CASSPPDRGAFF	TRBV28*01(179.5)	0.034422	CASSPPDRGAFF
CASSTGTAQYF	TRBV19*03	0.028211	CASSTGTAQYF
CASSEALQNYGYTF	TRBV2*01(255.6)	0.027918	CASSEALQNYGYTF
CSARADRGQGYEQYF	TRBV20-1*01	0.027427	CSARADRGQGYEQYF
CASSPWAATNEKLFF	TRBV28*01(179.7)	0.023224	CASSPWAATNEKLFF
CAWGWTGGTYEQYF	TRBV30*05	0.019363	CAWGWTGGTYEQYF
CATSADRDGLYEQYF	TRBV24-1*01	0.017496	CATSADRDGLYEQYF
CASSLVGTGGSPYEQYF	TRBV7-9*01	0.013514	CASSLVGTGGSPYEQYF
CASSLVGAEQYF	TRBV28*01(194.4)	0.0125	CASSLVGAEQYF
CASRPSGGGDEQFF	TRBV2*01	0.011245	CASRPSGGGDEQFF
CASSPWDTDTQYF	TRBV11-2*03	0.011224	CASSPWDTDTQYF
CASTKWGATNEKLFF	TRBV28*01(169.5)	0.011126	CASTKWGATNEKLFF
CAWSTGFSNYGYTF	TRBV30*01	0.008215	CAWSTGFSNYGYTF
CASSFGSGRTEAFF	TRBV12-3*01	0.007147	CASSFGSGRTEAFF
CSAQGQGNTGELFF	TRBV20-1*01	0.006758	CSAQGQGNTGELFF
CASSTGQRYYNEQFF	TRBV6-2*01	0.006607	CASSTGQRYYNEQFF
CATQEASNQPQHF	TRBV2*01	0.006398	CATQEASNQPQHF
CASKGGSRDTQYF	TRBV11-2*01	0.006265	CASKGGSRDTQYF
CASSTGQGQSYEQYF	TRBV11-2*01	0.005492	CASSTGQGQSYEQYF
CASSPEGLAGPTYEQYF	TRBV7-6*02	0.005211	CASSPEGLAGPTYEQYF
CSAREDLRLEQYF	TRBV20-1*01	0.004832	CSAREDLRLEQYF
CASGGFGNEQYF	TRBV6-1*01	0.004328	CASGGFGNEQYF
CASSLGVPGELFF	TRBV5-6*01	0.004284	CASSLGVPGELFF
CASKGTEYGYTF	TRBV2*01	0.004167	CASKGTEYGYTF
CAWTRRYEQYF	TRBV30*01	0.003781	CAWTRRYEQYF
CATAHSYNEQFF	TRBV28*01(154.6)	0.00367	CATAHSYNEQFF
CATEPGQGSNYGYTF	TRBV24-1*01	0.00349	CATEPGQGSNYGYTF
CASSQDLADRDSLFSGNTIYF	TRBV4-3*01	0.003461	CASSQDLADRDSLFSGNTIYF
CASSDRGGGTDTQYF	TRBV6-6*05	0.003436	CASSDRGGGTDTQYF
CASSYMALQGYEQYF	TRBV28*01(192.8)	0.003334	CASSYMALQGYEQYF
CASSLWSGTNEKLFF	TRBV28*01(204.8)	0.003328	CASSLWSGTNEKLFF
CASSLWKSTNEKLFF	TRBV28*01(204.6)	0.003234	CASSLWKSTNEKLFF
CASSLIGQGSGIGGYTF	TRBV28*01(194.7)	0.003162	CASSLIGQGSGIGGYTF
CASSRTYEQYF	TRBV6-6*04	0.003116	CASSRTYEQYF
CASSEAMGVGFYEQYF	TRBV2*01	0.00307	CASSEAMGVGFYEQYF
CASSFRDRDNEQYF	TRBV27*01(189.8)	0.003044	CASSFRDRDNEQYF
CASSGTGSSGNTIYF	TRBV11-1*01	0.003043	CASSGTGSSGNTIYF
CASSYSVGRVTYEQYF	TRBV6-5*01	0.002873	CASSYSVGRVTYEQYF
CASSEGRTTNHEQYF	TRBV6-1*01	0.002844	CASSEGRTTNHEQYF
CASTREANYGYTF	TRBV2*01	0.002738	CASTREANYGYTF
CAWRTSVTDTQYF	TRBV30*01	0.002729	CAWRTSVTDTQYF
CATSRVRGQSAGEQYF	TRBV15*01	0.002722	CATSRVRGQSAGEQYF
CASSYRGLAELNSYEQYF	TRBV6-2*01	0.002612	CASSYRGLAELNSYEQYF
CASSPTVAEKLFF	TRBV18*01(504.1)	0.002607	CASSPTVAEKLFF
CASSSLRGDEAFF	TRBV27*01(184.5)	0.002578	CASSSLRGDEAFF
CSAESGTGGTEAFF	TRBV20-1*01	0.00253	CSAESGTGGTEAFF
CASSYDFRGDTIYF	TRBV6-5*01	0.002527	CASSYDFRGDTIYF
CASSFPAQGAYEQYF	TRBV6-6*03	0.00252	CASSFPAQGAYEQYF
CASRTGGTDTQYF	TRBV10-2*01(174.4)	0.002502	CASRTGGTDTQYF
CASSAAGQGNYGYTF	TRBV6-6*03	0.002501	CASSAAGQGNYGYTF
CASSSGLAGGWLEQYF	TRBV28*01(184.1)	0.002486	CASSSGLAGGWLEQYF
CASSVDQPYEQYF	TRBV2*01	0.002473	CASSVDQPYEQYF
CASSLDSGGRYEQYF	TRBV11-2*01	0.00247	CASSLDSGGRYEQYF
CSVEVWDSHYNEQFF	TRBV29-1*01	0.002469	CSVEVWDSHYNEQFF
CASSRDSYEQYF	TRBV19*03	0.002467	CASSRDSYEQYF
CASSMTTSGRGKTQYF	TRBV19*01	0.002449	CASSMTTSGRGKTQYF
CATEGTHTYEQYF	TRBV24-1*01	0.002436	CATEGTHTYEQYF
CAWINQGADFGYTF	TRBV30*01	0.002392	CAWINQGADFGYTF
CASRVTGGSNQPQHF	TRBV2*02	0.002373	CASRVTGGSNQPQHF
CASSLWVFEDGEQYF	TRBV5-1*01	0.00237	CASSLWVFEDGEQYF
CASSQDWGLSSPLHF	TRBV3-1*01	0.002369	CASSQDWGLSSPLHF
CSATTEGDEQYF	TRBV20-1*02	0.002335	CSATTEGDEQYF
CASSLTGGDSYEQYF	TRBV5-1*01	0.002332	CASSLTGGDSYEQYF
CASSYFQGGNQPQHF	TRBV6-2*01	0.002308	CASSYFQGGNQPQHF
CASSTTSYGYTF	TRBV5-1*01	0.002228	CASSTTSYGYTF
CASSLGNRGHGYTF	TRBV5-1*01	0.002223	CASSLGNRGHGYTF
CASSLYPLAKNIQYF	TRBV28*01(189)	0.002222	CASSLYPLAKNIQYF
CASSSRDRANTGELFF	TRBV27*01(184.2)	0.002202	CASSSRDRANTGELFF
CASSADRVRTYEQYF	TRBV10-1*01	0.002168	CASSADRVRTYEQYF
CAWSRKVVGGPYEQYF	TRBV30*01	0.002163	CAWSRKVVGGPYEQYF
CAWSVHTGEDGYTF	TRBV30*01	0.002147	CAWSVHTGEDGYTF
CATSDDRAEAFF	TRBV24-1*01	0.002143	CATSDDRAEAFF
CASQGRGDHLYEQYF	TRBV6-1*01	0.002137	CASQGRGDHLYEQYF
CASTFRTGQPQHF	TRBV28*01(169.4)	0.002129	CASTFRTGQPQHF
CASSPGLALSYEQYF	TRBV18*01(508.3)	0.002121	CASSPGLALSYEQYF
CASTLLAGGHYEQYF	TRBV12-3*01	0.00212	CASTLLAGGHYEQYF
CAISEYLAQSHEQYF	TRBV10-3*01	0.002101	CAISEYLAQSHEQYF
CASSRGQGESGELFF	TRBV7-2*01	0.002099	CASSRGQGESGELFF
CASNQAGVDEQYF	TRBV19*01	0.002096	CASNQAGVDEQYF
CASSSGQGVGQPQHF	TRBV27*01(184.7)	0.002091	CASSSGQGVGQPQHF
CASSPWSATNEKLFF	TRBV28*01(179.8)	0.002074	CASSPWSATNEKLFF
CASSPGTGGIRYGYTF	TRBV27*01(178.4)	0.002073	CASSPGTGGIRYGYTF
CASSHGTGSGGYTF	TRBV4-1*01(401.8)	0.002067	CASSHGTGSGGYTF
CASTIGGGEKYEQYF	TRBV6-6*03	0.00205	CASTIGGGEKYEQYF
CASSIDPGSGNTIYF	TRBV19*01	0.00202	CASSIDPGSGNTIYF
CASSRDRSYEQYF	TRBV7-2*01	0.002009	CASSRDRSYEQYF
CTFTLGHGMANEQFF	TRBV29-1*01	0.001989	CTFTLGHGMANEQFF
CSARVLTNTGELFF	TRBV20-1*01	0.001975	CSARVLTNTGELFF
CASSHKQGNTGELFF	TRBV27*01(178.6)	0.00195	CASSHKQGNTGELFF
CASSSEQGDRYEQYF	TRBV7-6*02	0.001944	CASSSEQGDRYEQYF
CASSTPGQGSDEQYF	TRBV9*03	0.001937	CASSTPGQGSDEQYF
CASSYPRQGYSPLHF	TRBV28*01(184.7)	0.001935	CASSYPRQGYSPLHF
CASSSSQVAGVQYF	TRBV10-1*01	0.001898	CASSSSQVAGVQYF
CASGTASSGNTIYF	TRBV10-2*01(164.6)	0.001878	CASGTASSGNTIYF
CSARDGSARASEQYF	TRBV20-1*01	0.001859	CSARDGSARASEQYF
CASSQDRGANYGYTF	TRBV4-3*01	0.001833	CASSQDRGANYGYTF
CASKIRDGPPGQYF	TRBV28*01(169.1)	0.00182	CASKIRDGPPGQYF
CASTPLGQGYEQYF	TRBV2*01	0.001809	CASTPLGQGYEQYF
CSAVPGLEAGYEQYF	TRBV20-1*02	0.001807	CSAVPGLEAGYEQYF
CASSLGRVPYEQYF	TRBV7-8*01	0.001788	CASSLGRVPYEQYF
CASSLAFPFPGTSGPYEQYF	TRBV12-3*01	0.001772	CASSLAFPFPGTSGPYEQYF
CAWSRDRTNSGANVLTF	TRBV30*01	0.001762	CAWSRDRTNSGANVLTF
CASSLQVSSYEQYF	TRBV5-1*01	0.001746	CASSLQVSSYEQYF
CASSYSAVSGSSGSYNEQFF	TRBV6-2*01	0.001745	CASSYSAVSGSSGSYNEQFF
CATSDPGTGDTEAFF	TRBV24-1*01	0.001731	CATSDPGTGDTEAFF
CASSFSGRHRNEQFF	TRBV6-2*01	0.001696	CASSFSGRHRNEQFF
CASSSPGTPAYEQYF	TRBV19*01	0.001681	CASSSPGTPAYEQYF
CASSLWSSHYEQYF	TRBV7-2*01	0.001681	CASSLWSSHYEQYF
CASMPTPASGRTPLYEQYF	TRBV6-1*01	0.001675	CASMPTPASGRTPLYEQYF
CASSFTSGRPSYNEQFF	TRBV28*01(189.8)	0.001672	CASSFTSGRPSYNEQFF
CASSPDRLGGQPQHF	TRBV28*01(179.5)	0.001665	CASSPDRLGGQPQHF
CASSPPGGYTF	TRBV5-1*01	0.001662	CASSPPGGYTF
CASRTDGLRGEKLFF	TRBV28*01(174.9)	0.001646	CASRTDGLRGEKLFF
CASSLEQSGNTQYF	TRBV7-6*01	0.001642	CASSLEQSGNTQYF
CASSYGQNTEAFF	TRBV6-2*01	0.001639	CASSYGQNTEAFF
CASSRAGSISYEQYF	TRBV11-2*03	0.001633	CASSRAGSISYEQYF
CASSEGRGRNGQPQHF	TRBV2*01	0.001632	CASSEGRGRNGQPQHF
CASGLSGLASLKGNEQFF	TRBV12-5*01(169.8)	0.001626	CASGLSGLASLKGNEQFF
CASSLNNRGYYGYTF	TRBV5-1*01	0.001621	CASSLNNRGYYGYTF
CASSFNSGSGKLFF	TRBV7-2*01	0.001615	CASSFNSGSGKLFF
CASSLELYGYTF	TRBV12-3*01	0.001614	CASSLELYGYTF
CASALRGGRDYEQYF	TRBV11-2*01	0.001606	CASALRGGRDYEQYF
CATSDPWTGDGYTF	TRBV24-1*01	0.001604	CATSDPWTGDGYTF
CASSPTAVGLAGAGGETQYF	TRBV7-8*03	0.00159	CASSPTAVGLAGAGGETQYF
CASSLGPPTDTQYF	TRBV28*01(148.9)	0.001589	CASSLGPPTDTQYF
CASSLGLKGGRGTNSNQPQHF	TRBV11-2*01	0.001587	CASSLGLKGGRGTNSNQPQHF
CASSLEGTQNRDEQFF	TRBV27*01(194.8)	0.001585	CASSLEGTQNRDEQFF
CASSFPPGTGYEQPQHF	TRBV6-5*01	0.001578	CASSFPPGTGYEQPQHF
CASSIDPKLPVTHF	TRBV19*01	0.001571	CASSIDPKLPVTHF
CAWVEVKDGTRDQPQHF	TRBV30*05	0.001565	CAWVEVKDGTRDQPQHF
CAWRIQVVIYF	TRBV30*01	0.001564	CAWRIQVVIYF
CATSQRTGEQYF	TRBV15*02	0.001558	CATSQRTGEQYF
CSARVVGRLYTEAFF	TRBV20-1*01	0.001555	CSARVVGRLYTEAFF
CASRPGHSYNEQFF	TRBV28*01(174.8)	0.00155	CASRPGHSYNEQFF
CASSFRGALSEQFF	TRBV27*01(189.9)	0.001546	CASSFRGALSEQFF
CASSWTVNTEAFF	TRBV27*01(183.1)	0.001545	CASSWTVNTEAFF
CASSDGQGWQPQHF	TRBV2*01	0.001537	CASSDGQGWQPQHF
CASGSDGWGAPYEQYF	TRBV27*01(165.9)	0.001536	CASGSDGWGAPYEQYF
CSAPKQGNRYNEQFF	TRBV20-1*01	0.001528	CSAPKQGNRYNEQFF
CSARRDAGPYEQYF	TRBV20-1*01	0.001528	CSARRDAGPYEQYF
CSARRQNEKLFF	TRBV20-1*01	0.001526	CSARRQNEKLFF
CASSDTTGAGNQPQHF	TRBV2*01	0.001526	CASSDTTGAGNQPQHF
CSAIRRGGEQYF	TRBV20-1*04	0.001523	CSAIRRGGEQYF
CASSGQGKWSSYEQYF	TRBV7-9*04	0.001522	CASSGQGKWSSYEQYF
CASSFVGNLGEQYF	TRBV27*01(189.9)	0.001516	CASSFVGNLGEQYF
CASSQVGEQYF	TRBV4-1*01(411.9)	0.001509	CASSQVGEQYF
CSARPGTGSYEQYF	TRBV20-1*01	0.001492	CSARPGTGSYEQYF
CSVEGLAGERSHNEQFF	TRBV29-1*01	0.00148	CSVEGLAGERSHNEQFF
CASSYSRDTGLNSPLHF	TRBV6-5*01	0.001479	CASSYSRDTGLNSPLHF
CASSEASRNYGYTF	TRBV6-1*01(183.7)	0.001471	CASSEASRNYGYTF
CASKAGQDHSYEQYF	TRBV28*01(169.6)	0.001471	CASKAGQDHSYEQYF
CASSVNRGDTIYF	TRBV2*01	0.00147	CASSVNRGDTIYF
CASSSGQPYEQYF	TRBV7-2*01	0.001447	CASSSGQPYEQYF
CASSLTVFPQHF	TRBV12-3*01	0.001422	CASSLTVFPQHF
CASSYTEYSNYGYTF	TRBV6-5*01	0.001401	CASSYTEYSNYGYTF
CASSLALTGGEQYF	TRBV5-1*01	0.0014	CASSLALTGGEQYF
CSPNDGYYGYTF	TRBV20-1*01	0.001395	CSPNDGYYGYTF
CASSRDYRQMSSYNEQFF	TRBV19*03	0.001394	CASSRDYRQMSSYNEQFF
CASSQAWGGDAFF	TRBV4-2*01	0.001393	CASSQAWGGDAFF
CASSSGTGGDYGYTF	TRBV13*01	0.001383	CASSSGTGGDYGYTF
CSAPNLNTEAFF	TRBV20-1*01	0.001374	CSAPNLNTEAFF
CASSSGTSGIHEQYF	TRBV11-2*01	0.001373	CASSSGTSGIHEQYF
CASSLQYGYTF	TRBV28*01(194.1)	0.001367	CASSLQYGYTF
CSAPVPNTEAFF	TRBV20-1*01	0.001357	CSAPVPNTEAFF
CASSQSQAGYTF	TRBV16*01	0.001352	CASSQSQAGYTF
CASSLSFPSYGYTF	TRBV28*01(189.3)	0.001349	CASSLSFPSYGYTF
CSASGQVSYEQYF	TRBV20-1*01	0.001346	CSASGQVSYEQYF
CASRTTTGGETQYF	TRBV2*02	0.001338	CASRTTTGGETQYF
CASRKNTGTSGLTDEQFF	TRBV6-2*01	0.001331	CASRKNTGTSGLTDEQFF
CSATWGDNEKLFF	TRBV20-1*01	0.001328	CSATWGDNEKLFF
CASSLQGAGNTIYF	TRBV7-9*01	0.00132	CASSLQGAGNTIYF
CASQVSAGITDTQYF	TRBV6-6*03	0.001318	CASQVSAGITDTQYF
CASSLAKRREGYEQYF	TRBV7-2*01	0.001316	CASSLAKRREGYEQYF
CASSAFTGNNSPLHF	TRBV5-1*01	0.00131	CASSAFTGNNSPLHF
CASSPVGDHQPQHF	TRBV6-6*04	0.00131	CASSPVGDHQPQHF
CASNHGTAVYGYTF	TRBV28*01(169.9)	0.001305	CASNHGTAVYGYTF
CASSGLAGSGTDTQYF	TRBV10-1*01	0.001296	CASSGLAGSGTDTQYF
CSASGGPIYGYTF	TRBV20-1*02	0.001289	CSASGGPIYGYTF
CSAPGGLGQISYEQYF	TRBV20-1*06	0.001283	CSAPGGLGQISYEQYF
CASRVTGTVTEAFF	TRBV7-8*01	0.001273	CASRVTGTVTEAFF
CASSQASGQQYF	TRBV3-1*01	0.001269	CASSQASGQQYF
CASATYGQAEQYF	TRBV28*01(163.7)	0.001268	CASATYGQAEQYF
CSARTYGTAYSNQPQHF	TRBV20-1*01	0.001257	CSARTYGTAYSNQPQHF
CASSLDGTGVGYTF	TRBV11-3*01	0.001251	CASSLDGTGVGYTF
CSARELTNTGELFF	TRBV20-1*01	0.001241	CSARELTNTGELFF
CASTRVTSDEQFF	TRBV2*01	0.001237	CASTRVTSDEQFF
CSVEWYGGYNEQFF	TRBV29-1*02	0.001232	CSVEWYGGYNEQFF
CASSYGDRQYEQYF	TRBV7-9*01	0.00123	CASSYGDRQYEQYF
CASRMGLGDTGANVLTF	TRBV5-1*01	0.001228	CASRMGLGDTGANVLTF
CASRDRGLIGNQPQHF	TRBV27*01(174.5)	0.001225	CASRDRGLIGNQPQHF
CASSRGDSNQPQHF	TRBV19*03	0.001224	CASSRGDSNQPQHF
CSAVSQTTDTQYF	TRBV20-1*01	0.001208	CSAVSQTTDTQYF
CATSEGGQGANEQFF	TRBV24-1*01	0.0012	CATSEGGQGANEQFF
CASSPRGQGGEKLFF	TRBV9*01	0.001199	CASSPRGQGGEKLFF
CASSLWTSRNEQFF	TRBV28*01(179.5)	0.00119	CASSLWTSRNEQFF
CASSGGTGDLADTQYF	TRBV19*01	0.001188	CASSGGTGDLADTQYF
CASSEPEQGASHEQYF	TRBV6-1*01	0.001176	CASSEPEQGASHEQYF
CASSQQGAGNTEAFF	TRBV6-6*04	0.001162	CASSQQGAGNTEAFF
CASSPGQGTQPQHF	TRBV6-6*05	0.001162	CASSPGQGTQPQHF
CASRLLGEGYNEQFF	TRBV6-2*01	0.001159	CASRLLGEGYNEQFF
CASSSAGTEAFF	TRBV28*01(184.6)	0.001158	CASSSAGTEAFF
CASSPNYGEPVF	TRBV4-3*01	0.001152	CASSPNYGEPVF
CSASVGAGHNEQFF	TRBV20-1*02	0.001147	CSASVGAGHNEQFF
CASGHRNYEQYF	TRBV13*01	0.001146	CASGHRNYEQYF
CATSPHRASNTGELFF	TRBV24-1*01	0.001134	CATSPHRASNTGELFF
CASSQVQDAPLHF	TRBV4-1*01(412.3)	0.001132	CASSQVQDAPLHF
CASSLLAGATDTQYF	TRBV27*01(180.6)	0.00113	CASSLLAGATDTQYF
CASSEGQWNTEAFF	TRBV6-1*01	0.001124	CASSEGQWNTEAFF
CASSSSLRGRNQPQHF	TRBV6-2*01	0.001121	CASSSSLRGRNQPQHF
CASSRERSSDTRNTQYF	TRBV27*01(174.7)	0.001119	CASSRERSSDTRNTQYF
CSARDRAVYEQYF	TRBV20-1*01	0.001118	CSARDRAVYEQYF
CSVSTGLVQYF	TRBV29-1*01	0.001117	CSVSTGLVQYF
CASSSEGTEQYF	TRBV6-5*01	0.001115	CASSSEGTEQYF
CASRPERGTSGRIYNEQFF	TRBV19*01	0.001092	CASRPERGTSGRIYNEQFF
CASSPRPQVTEQYF	TRBV18*01(513.2)	0.001091	CASSPRPQVTEQYF
CASSFSPTRVEQYF	TRBV7-8*01	0.00109	CASSFSPTRVEQYF
CSARIRDGNEKLFF	TRBV20-1*01	0.001089	CSARIRDGNEKLFF
CSVFSYGEQYF	TRBV29-1*01	0.001089	CSVFSYGEQYF
CASSLTVRAPALFYEQYF	TRBV28*01(194.6)	0.001083	CASSLTVRAPALFYEQYF
CSAPDRSPYEQYF	TRBV20-1*01	0.001081	CSAPDRSPYEQYF
CASSGGAVNTGELFF	TRBV2*01	0.001071	CASSGGAVNTGELFF
CATSDLGGTEFF	TRBV24-1*01	0.001069	CATSDLGGTEFF
CASSFQRGSNEQYF	TRBV28*01(189.8)	0.001066	CASSFQRGSNEQYF
CASSIFRGSNINEQYF	TRBV19*01	0.001062	CASSIFRGSNINEQYF
CAWSGTPNTGELFF	TRBV30*01	0.001061	CAWSGTPNTGELFF
CASSLEGANTGELFF	TRBV5-1*01	0.00106	CASSLEGANTGELFF
CSARKDRNYGYTF	TRBV20-1*01	0.001058	CSARKDRNYGYTF
CSASKSGAQPQHF	TRBV20-1*04	0.001055	CSASKSGAQPQHF
CASSESADTHLSQYF	TRBV6-1*01	0.001051	CASSESADTHLSQYF
CASNNRGMNTEAFF	TRBV12-3*01	0.00105	CASNNRGMNTEAFF
CATRSRDSYEQYF	TRBV12-3*01	0.001044	CATRSRDSYEQYF
CASSRGLTGGYGYTF	TRBV7-2*01	0.001041	CASSRGLTGGYGYTF
CSPTLPRDRNTEAFF	TRBV20-1*02	0.001041	CSPTLPRDRNTEAFF
CASSERTEREAFF	TRBV28*01(179.4)	0.00104	CASSERTEREAFF
CAWRGAGVNQPQHF	TRBV30*01	0.001037	CAWRGAGVNQPQHF
CASSLIGDEQFF	TRBV7-9*01	0.001033	CASSLIGDEQFF
CASSARGPQGYGYTF	TRBV7-9*04	0.001032	CASSARGPQGYGYTF
CSATLSGRPQNEQFF	TRBV20-1*01	0.001032	CSATLSGRPQNEQFF
CASSQEDSGDYQETQYF	TRBV4-2*01	0.001028	CASSQEDSGDYQETQYF
CASSSQVADTQYF	TRBV28*01(184.8)	0.001026	CASSSQVADTQYF
CSARRLGGNQPQHF	TRBV20-1*01	0.001025	CSARRLGGNQPQHF
CSVEDRRISYEQYF	TRBV29-1*01	0.001021	CSVEDRRISYEQYF
CASSLTARNEQFF	TRBV27*01(190.8)	0.001016	CASSLTARNEQFF
CASSRWGGNYEQYF	TRBV28*01(179.9)	0.001014	CASSRWGGNYEQYF
CASSLRDTQYF	TRBV28*01(190)	0.001011	CASSLRDTQYF
CASSPPQGMRETQYF	TRBV28*01(179.1)	0.001011	CASSPPQGMRETQYF
CASSPGTNEKLFF	TRBV28*01(180)	0.001007	CASSPGTNEKLFF
CASSQDGTSGYTF	TRBV4-1*01(419.3)	0.001007	CASSQDGTSGYTF
CASSSPQNEKLFF	TRBV28*01(184.9)	0.001005	CASSSPQNEKLFF
CASSPDDGNQPQHF	TRBV7-9*01	0.001002	CASSPDDGNQPQHF
CASSVAGRNEQFF	TRBV6-1*01	0.001	CASSVAGRNEQFF
CASSPLAGETQYF	TRBV18*01(503.4)	0.000991	CASSPLAGETQYF
CASSPGTNTGELFF	TRBV7-3*01	0.000989	CASSPGTNTGELFF
CASSPTSETYEQYF	TRBV18*01(504.1)	0.000986	CASSPTSETYEQYF
CASSLYTLNTEAFF	TRBV5-1*01	0.000986	CASSLYTLNTEAFF
CASSLTGGPGETQYF	TRBV5-1*01	0.000985	CASSLTGGPGETQYF
CASSAEGRGNGYTF	TRBV6-4*01	0.000981	CASSAEGRGNGYTF
CASSNYPGQPQHF	TRBV9*01	0.000981	CASSNYPGQPQHF
CASSLNYGYTF	TRBV28*01(189.6)	0.00098	CASSLNYGYTF
CASSPFTSSGNTIYF	TRBV18*01(508.7)	0.000979	CASSPFTSSGNTIYF
CASSAWGDSGNTIYF	TRBV7-2*01	0.000976	CASSAWGDSGNTIYF
CSASIGYNEQFF	TRBV20-1*04	0.000972	CSASIGYNEQFF
CASSPEGQGALYEQYF	TRBV5-1*01	0.000966	CASSPEGQGALYEQYF
CASSWTGGDYNEQFF	TRBV27*01(184.9)	0.000951	CASSWTGGDYNEQFF
CASSEWSGYTF	TRBV3-1*01	0.000949	CASSEWSGYTF
CASSTSGTGVIRNTEAFF	TRBV7-2*01	0.000949	CASSTSGTGVIRNTEAFF
CASSLRSFADTQYF	TRBV12-3*01	0.000946	CASSLRSFADTQYF
CSARTGYSVSGNTIYF	TRBV20-1*02	0.00094	CSARTGYSVSGNTIYF
CASSRNSQGAGTDTQYF	TRBV11-3*02	0.000933	CASSRNSQGAGTDTQYF
CATSRVGGANVLTF	TRBV15*01	0.000927	CATSRVGGANVLTF
CASSLWGQGAGTDTQYF	TRBV28*01(203.3)	0.000924	CASSLWGQGAGTDTQYF
CSAPEPPGTSGRDYEQYF	TRBV20-1*01	0.000924	CSAPEPPGTSGRDYEQYF
CSAPRGGDYGYTF	TRBV20-1*01	0.000913	CSAPRGGDYGYTF
CAWSPRGGANQPQHF	TRBV30*01	0.000912	CAWSPRGGANQPQHF
CSASSGQETYNEQFF	TRBV20-1*04	0.00091	CSASSGQETYNEQFF
CASSPRLAANSGDTQYF	TRBV5-1*01	0.000901	CASSPRLAANSGDTQYF
CASTGTAYNEQFF	TRBV2*01	0.000896	CASTGTAYNEQFF
CASSIGTSGIPYNEQFF	TRBV19*01	0.000895	CASSIGTSGIPYNEQFF
CASSSRARGPQHF	TRBV27*01(184.7)	0.000893	CASSSRARGPQHF
CAWSVKQETQYF	TRBV30*01	0.000892	CAWSVKQETQYF
CASSRTISGELFF	TRBV27*01(173.6)	0.000885	CASSRTISGELFF
CASSSFVDTQYF	TRBV28*01(184.8)	0.000885	CASSSFVDTQYF
CASSGGGSNQPQHF	TRBV19*01	0.000885	CASSGGGSNQPQHF
CASSLASGNTGELFF	TRBV5-5*01	0.000885	CASSLASGNTGELFF
CASSRTAYNEQFF	TRBV12-3*01	0.000884	CASSRTAYNEQFF
CASRGPNTEAFF	TRBV12-3*01	0.000882	CASRGPNTEAFF
CASSQALALSYEQYF	TRBV4-2*01	0.000882	CASSQALALSYEQYF
CATSRGGGNSNEQFF	TRBV15*01	0.000878	CATSRGGGNSNEQFF
CASSFGEVSGANVLTF	TRBV12-3*01	0.000872	CASSFGEVSGANVLTF
CASSEELYNEQFF	TRBV6-1*01	0.000872	CASSEELYNEQFF
CASSLGQTSSYNEQFF	TRBV5-1*01	0.000868	CASSLGQTSSYNEQFF
CASSYTPGARGNTEAFF	TRBV6-5*01	0.000864	CASSYTPGARGNTEAFF
CASSETGQGKAGELFF	TRBV2*01	0.000863	CASSETGQGKAGELFF
CSARGNRGAREQFF	TRBV20-1*01	0.000862	CSARGNRGAREQFF
CASSTPLNTEAFF	TRBV6-6*03	0.00086	CASSTPLNTEAFF
CASSSLGNEQFF	TRBV7-8*01	0.00086	CASSSLGNEQFF
CSAREGVSEAFF	TRBV20-1*01	0.000854	CSAREGVSEAFF
CASSPSMEVGYEQYF	TRBV27*01(179.8)	0.000843	CASSPSMEVGYEQYF
CASSVLAGGPNEQFF	TRBV9*01	0.00084	CASSVLAGGPNEQFF
CASSEDREGDGYTF	TRBV28*01(179.5)	0.000827	CASSEDREGDGYTF
CASSASGFEQFF	TRBV27*01(179.8)	0.000821	CASSASGFEQFF
CASMEGLAGARDTQYF	TRBV19*01	0.000809	CASMEGLAGARDTQYF
CASSYSQLNYGYTF	TRBV6-5*01	0.000808	CASSYSQLNYGYTF
CASCQDRNTGELFF	TRBV6-6*05	0.000808	CASCQDRNTGELFF
CASSAQGGITYEQYF	TRBV9*03	0.000801	CASSAQGGITYEQYF
CSARDQRQLDGGYTF	TRBV20-1*01	0.000797	CSARDQRQLDGGYTF
CASSESGGLGFF	TRBV10-1*01	0.000793	CASSESGGLGFF
CASSTGGNEQFF	TRBV19*01	0.000788	CASSTGGNEQFF
CASSIVPKTGELFF	TRBV27*01(179.6)	0.000783	CASSIVPKTGELFF
CASSLGTSTDTQYF	TRBV12-3*01	0.000778	CASSLGTSTDTQYF
CASSLLGSNEQFF	TRBV5-1*01	0.000773	CASSLLGSNEQFF
CASGRSAMNTEAFF	TRBV3-1*01	0.000765	CASGRSAMNTEAFF
CASSLGAGGAYTEAFF	TRBV5-1*01	0.000764	CASSLGAGGAYTEAFF
CASSDGQGLDTQYF	TRBV6-4*01	0.000757	CASSDGQGLDTQYF
CSARETPGGTDTQYF	TRBV20-1*01	0.000748	CSARETPGGTDTQYF
CASSPRSGTEYEQYF	TRBV4-1*01(397.6)	0.000746	CASSPRSGTEYEQYF
CASIGVAGLETQYF	TRBV2*01	0.000737	CASIGVAGLETQYF
CASSEVVPMNTEAFF	TRBV6-1*01	0.000733	CASSEVVPMNTEAFF
CASSEAPEDTQYF	TRBV6-1*01(194.7)	0.000733	CASSEAPEDTQYF
CATTPEIENIQYF	TRBV2*01	0.000726	CATTPEIENIQYF
CASQGDTYNEQFF	TRBV19*01	0.00072	CASQGDTYNEQFF
CASSFTSGTRADTQYF	TRBV7-2*01	0.00072	CASSFTSGTRADTQYF
CAISPLAGGPADTQYF	TRBV10-3*01	0.000716	CAISPLAGGPADTQYF
CSADTPTSGSTDTQYF	TRBV20-1*01	0.000714	CSADTPTSGSTDTQYF
CASTGQGASGELFF	TRBV19*01	0.000713	CASTGQGASGELFF
CASSQGGRSTGELFF	TRBV11-2*03	0.000711	CASSQGGRSTGELFF
CASSWDSQSSGANVLTF	TRBV19*03	0.000709	CASSWDSQSSGANVLTF
CASSVRNEQFF	TRBV9*01	0.000708	CASSVRNEQFF
CASSLAQGDGYTF	TRBV5-1*01	0.000705	CASSLAQGDGYTF
CAWRPGQGTSGLSNQPQHF	TRBV30*01	0.000704	CAWRPGQGTSGLSNQPQHF
CASSFDRPNSPLHF	TRBV7-7*01	0.000699	CASSFDRPNSPLHF
CASSQDRGSGRVAHQETQYF	TRBV14*01(290)	0.000696	CASSQDRGSGRVAHQETQYF
CASRRTATGELFF	TRBV7-2*01	0.000696	CASRRTATGELFF
CASSEGDRWNTEAFF	TRBV7-9*04	0.000695	CASSEGDRWNTEAFF
CASSQEGGSGLGANVLTF	TRBV4-1*01(419.5)	0.00069	CASSQEGGSGLGANVLTF
CASRKQGANTGELFF	TRBV6-2*01	0.000687	CASRKQGANTGELFF
CASSLDQGAITGELFF	TRBV7-6*01	0.000687	CASSLDQGAITGELFF
CASSQALWGAEQFF	TRBV4-1*01(402.5)	0.000682	CASSQALWGAEQFF
CSVMIGWDNEQFF	TRBV29-1*01	0.000678	CSVMIGWDNEQFF
CASSLSGRIEDTQYF	TRBV11-2*01	0.000678	CASSLSGRIEDTQYF
CASSLPWTEAFF	TRBV5-6*01	0.000668	CASSLPWTEAFF
CASSGFGQGADTQYF	TRBV11-2*01	0.000666	CASSGFGQGADTQYF
CASSPSRREKLFF	TRBV18*01(503.4)	0.000664	CASSPSRREKLFF
CASRPQGGTEAFF	TRBV3-1*01	0.000662	CASRPQGGTEAFF
CASSIAGQVNEKLFF	TRBV19*01	0.000659	CASSIAGQVNEKLFF
CASSVALAGGPDTQYF	TRBV9*01	0.000656	CASSVALAGGPDTQYF
CASSPEISNSPLHF	TRBV18*01(503.4)	0.000652	CASSPEISNSPLHF
CASTSGYGGIANYGYTF	TRBV7-9*05	0.00065	CASTSGYGGIANYGYTF
CSASILRSTDTQYF	TRBV20-1*04	0.000649	CSASILRSTDTQYF
CASSLNSQGRIGYTF	TRBV7-2*01	0.000642	CASSLNSQGRIGYTF
CASRRKPGQSNTGELFF	TRBV28*01(175)	0.000639	CASRRKPGQSNTGELFF
CASSSDRSASGANVLTF	TRBV2*01	0.000637	CASSSDRSASGANVLTF
CASSLVGGSGETQYF	TRBV27*01(194.8)	0.000625	CASSLVGGSGETQYF
CASSLSRTSGIGEQYF	TRBV12-4*02	0.000624	CASSLSRTSGIGEQYF
CSAGGLAEATNEQFF	TRBV20-1*01	0.00062	CSAGGLAEATNEQFF
CASRPGLRTYNEQFF	TRBV27*01(174.6)	0.000616	CASRPGLRTYNEQFF
CASSLYYQETQYF	TRBV5-1*01	0.000611	CASSLYYQETQYF
CASSPEGVPYNEQFF	TRBV7-3*01(229.3)	0.000611	CASSPEGVPYNEQFF
CASGLVGSNEKLFF	TRBV12-5*01(184.5)	0.000609	CASGLVGSNEKLFF
CASSYLAAGGADTQYF	TRBV6-2*01	0.000605	CASSYLAAGGADTQYF
CASRDYGTGELFF	TRBV27*01(164.5)	0.000604	CASRDYGTGELFF
CASSFTWTSGAKSYEQYF	TRBV27*01(175.9)	0.0006	CASSFTWTSGAKSYEQYF
CASSFGLAGVVEQFF	TRBV7-3*01	0.000597	CASSFGLAGVVEQFF
CASSRRVAGAGDNEQFF	TRBV5-1*01	0.000596	CASSRRVAGAGDNEQFF
CASSPGQGRTDTQYF	TRBV7-2*01	0.000595	CASSPGQGRTDTQYF
CASSLGMFQGGYGYTF	TRBV5-6*01	0.000593	CASSLGMFQGGYGYTF
CASHGGQGASSAGTDTQYF	TRBV19*01	0.000593	CASHGGQGASSAGTDTQYF
CASSVAVGLAGGEQFF	TRBV9*01	0.000592	CASSVAVGLAGGEQFF
CSARDRAGGHEKLFF	TRBV20-1*01	0.000588	CSARDRAGGHEKLFF
CSAREVGGGGQPQHF	TRBV20-1*01	0.00058	CSAREVGGGGQPQHF
CASRSFQEAGATGELFF	TRBV28*01(174.8)	0.000578	CASRSFQEAGATGELFF
CASSLHERYNEQFF	TRBV11-2*03	0.000578	CASSLHERYNEQFF
CASSQYLAGAGNEQFF	TRBV4-1*01(418)	0.000574	CASSQYLAGAGNEQFF
CSAARTPGANVLTF	TRBV20-1*01	0.00057	CSAARTPGANVLTF
CASGQGATTDTQYF	TRBV11-3*01	0.000568	CASGQGATTDTQYF
CAGKGMRETQYF	TRBV2*01	0.000568	CAGKGMRETQYF
CASSLRGAGTGELFF	TRBV11-2*01	0.000567	CASSLRGAGTGELFF
CSAGGTLAGYTF	TRBV29-1*01	0.000565	CSAGGTLAGYTF
CASSLIWDREVGNTIYF	TRBV3-1*01	0.000559	CASSLIWDREVGNTIYF
CASSPDRQTTDTQYF	TRBV5-1*01	0.000557	CASSPDRQTTDTQYF
CSARSPTLSYEQYF	TRBV20-1*01	0.000554	CSARSPTLSYEQYF
CASSISSPPRETQYF	TRBV19*01	0.000546	CASSISSPPRETQYF
CSAGTSGTLKETQYF	TRBV20-1*04	0.000543	CSAGTSGTLKETQYF
CASSLVGAGGTETQYF	TRBV7-2*01	0.000542	CASSLVGAGGTETQYF
CASSLRGLTYNEQFF	TRBV19*01	0.000541	CASSLRGLTYNEQFF
CASRQLDNTGELFF	TRBV11-2*03	0.00054	CASRQLDNTGELFF
CASSQGDSGLGQFF	TRBV14*01	0.000532	CASSQGDSGLGQFF
CASSPVLGLSGNEQFF	TRBV18*01(502.2)	0.000529	CASSPVLGLSGNEQFF
CASSPSADTDTQYF	TRBV18*01(508.5)	0.000528	CASSPSADTDTQYF
CASSPGTGNEKLFF	TRBV9*01	0.000527	CASSPGTGNEKLFF
CASSHWVGNREQFF	TRBV3-1*01	0.000524	CASSHWVGNREQFF
CASSPAPGLAGMRETQYF	TRBV27*01(178)	0.00052	CASSPAPGLAGMRETQYF
CASSATGGGQPQHF	TRBV9*03	0.000515	CASSATGGGQPQHF
CASSVLAGAETQYF	TRBV9*01	0.000508	CASSVLAGAETQYF
CASGSGRAYEQYF	TRBV7-9*01	0.000505	CASGSGRAYEQYF
CASSPGRYSNQPQHF	TRBV9*01	0.000505	CASSPGRYSNQPQHF
CASSEFLKLQGEEETQYF	TRBV6-4*01	0.000503	CASSEFLKLQGEEETQYF
CASSLIFTGTGGNLGNTIYF	TRBV18*01(498.1)	0.000494	CASSLIFTGTGGNLGNTIYF
CASSRPGRRQETQYF	TRBV3-1*01	0.000491	CASSRPGRRQETQYF
CASRGTLGTQYF	TRBV28*01(164.2)	0.00049	CASRGTLGTQYF
CSVEDSGYTF	TRBV29-1*01	0.000488	CSVEDSGYTF
CSAGGGTQETQYF	TRBV20-1*01	0.00048	CSAGGGTQETQYF
CASSLGGTSGSGEQFF	TRBV5-1*01	0.000469	CASSLGGTSGSGEQFF
CASSQGGRATDTQYF	TRBV3-1*01	0.000467	CASSQGGRATDTQYF
CASTPWGGTNEKLFF	TRBV28*01(168.9)	0.000466	CASTPWGGTNEKLFF
CASTPDRRNYGYTF	TRBV6-6*05	0.000465	CASTPDRRNYGYTF
CATSREGGYEQYF	TRBV15*01	0.000459	CATSREGGYEQYF
CASSIEETQYF	TRBV19*01	0.000458	CASSIEETQYF
CASSISTAAKNIQYF	TRBV19*01	0.000458	CASSISTAAKNIQYF
CASSLASTGGRDIQYF	TRBV7-2*01	0.000458	CASSLASTGGRDIQYF
CASSTALGIVSYEQYF	TRBV7-9*01	0.000455	CASSTALGIVSYEQYF
CSARPYAGTDTQYF	TRBV20-1*01	0.000453	CSARPYAGTDTQYF
CASSMGQGREKLFF	TRBV9*01	0.000453	CASSMGQGREKLFF
CASSPVGTGVSPLHF	TRBV9*03	0.000453	CASSPVGTGVSPLHF
CASSPLERRFGTDTQYF	TRBV7-3*01(241.4)	0.000445	CASSPLERRFGTDTQYF
CASTSGRSIGELFF	TRBV5-6*01	0.000444	CASTSGRSIGELFF
CAWSVKGTNEKLFF	TRBV30*01	0.000443	CAWSVKGTNEKLFF
CASTEGTQDTQYF	TRBV11-2*01	0.000441	CASTEGTQDTQYF
CASSVSLQETQYF	TRBV9*01	0.00044	CASSVSLQETQYF
CASGGFGNEQYF	TRBV6-1*01	0.000439	CASGGFGNEQYF
CASSKPGQGLTEAFF	TRBV10-1*01	0.000427	CASSKPGQGLTEAFF
CAIGDRSGNTIYF	TRBV27*01(155)	0.000427	CAIGDRSGNTIYF
CASSYMGRGEQYF	TRBV7-6*01	0.000425	CASSYMGRGEQYF
CASSLVPPGTGLDNEQFF	TRBV5-1*01	0.000424	CASSLVPPGTGLDNEQFF
CATSETGTGERETQYF	TRBV24-1*01	0.000423	CATSETGTGERETQYF
CASSYSPPRDYNEQFF	TRBV6-2*01	0.00042	CASSYSPPRDYNEQFF
CASSPWGGGTEAFF	TRBV7-9*01	0.000416	CASSPWGGGTEAFF
CAIAGSPDTQYF	TRBV10-3*01	0.000414	CAIAGSPDTQYF
CASSQPTGRSYEQYF	TRBV7-9*01	0.00041	CASSQPTGRSYEQYF
CASSSQGGETQYF	TRBV7-3*01	0.00041	CASSSQGGETQYF
CASSPLSDWSGLIQYF	TRBV27*01(174.8)	0.000401	CASSPLSDWSGLIQYF
CASSLDQRTTQYF	TRBV11-2*01	0.0004	CASSLDQRTTQYF
CASSLFKAGQHTQYF	TRBV7-9*01	0.0004	CASSLFKAGQHTQYF
CASSQAANEQFF	TRBV3-1*01	0.000392	CASSQAANEQFF
CASSSRTGHTISGANVLTF	TRBV12-3*01	0.000391	CASSSRTGHTISGANVLTF
CASSPPDRGAFF	TRBV28*01(179.4)	0.00039	CASSPPDRGAFF
CASSQRQGANTGELFF	TRBV4-2*01	0.000389	CASSQRQGANTGELFF
CASRDTDQETQYF	TRBV6-4*01	0.000389	CASRDTDQETQYF
CAWSVGIGGSTDTQYF	TRBV30*01	0.000386	CAWSVGIGGSTDTQYF
CASSAANTGELFF	TRBV6-4*01	0.000383	CASSAANTGELFF
CASSFMDRGVYEQYF	TRBV5-4*01	0.000383	CASSFMDRGVYEQYF
CASSQGGTGELFF	TRBV4-1*01(407.2)	0.00038	CASSQGGTGELFF
CASVGPPWGVAFF	TRBV27*01(164.1)	0.000376	CASVGPPWGVAFF
CASSPPGTGPTNEQFF	TRBV18*01(503.8)	0.000374	CASSPPGTGPTNEQFF
CASSHRTSGRHSSYNEQFF	TRBV2*01	0.000368	CASSHRTSGRHSSYNEQFF
CASSTGQRYYNEQFF	TRBV6-2*01	0.000367	CASSTGQRYYNEQFF
CASNGDRGVQGSGANVLTF	TRBV19*01	0.000365	CASNGDRGVQGSGANVLTF
CSAQQGYGEQFF	TRBV20-1*01	0.000359	CSAQQGYGEQFF
CASSLAGGALETQYF	TRBV7-9*01	0.000357	CASSLAGGALETQYF
CAWSDPLTGMNEQFF	TRBV30*01	0.000355	CAWSDPLTGMNEQFF
CASSLAGDADTQYF	TRBV7-9*01	0.000353	CASSLAGDADTQYF
CASSQREGAVGVYTEAFF	TRBV7-9*01	0.000352	CASSQREGAVGVYTEAFF
CSVEDPTLAQRLERKNDTDTQYF	TRBV29-1*01	0.000351	CSVEDPTLAQRLERKNDTDTQYF
CASSIEAGQETQYF	TRBV19*01	0.000348	CASSIEAGQETQYF
CSAPGLFYNEQFF	TRBV20-1*01	0.000337	CSAPGLFYNEQFF
CASSPPKSRAFF	TRBV18*01(522.3)	0.000332	CASSPPKSRAFF
CASRGSGGETEAFF	TRBV5-4*01	0.000326	CASRGSGGETEAFF
CATQGRAANTGELFF	TRBV10-3*01	0.00032	CATQGRAANTGELFF
CASSWGTGSGELFF	TRBV11-2*03	0.00032	CASSWGTGSGELFF
CASSSSSSGRAPAGFF	TRBV7-2*01	0.000317	CASSSSSSGRAPAGFF
CSAEVSYNEQFF	TRBV20-1*01	0.000316	CSAEVSYNEQFF
CASSLAGGTDTQYF	TRBV7-6*01	0.000316	CASSLAGGTDTQYF
CASESDWINEQFF	TRBV10-2*01(163.7)	0.000315	CASESDWINEQFF
CASSQDMRAHQETQYF	TRBV4-1*01(425.2)	0.000314	CASSQDMRAHQETQYF
CATRSSTGEEETQYF	TRBV24-1*01	0.000312	CATRSSTGEEETQYF
CASSFYLAGSTDTQYF	TRBV5-6*01	0.000308	CASSFYLAGSTDTQYF
CASSRGGSGQPQHF	TRBV18*01(493.6)	0.000303	CASSRGGSGQPQHF
CASSIAAYRGLSGEKLFF	TRBV19*01	0.0003	CASSIAAYRGLSGEKLFF
CASTPYRGGSNEKLFF	TRBV11-2*01	0.000299	CASTPYRGGSNEKLFF
CASSSQLADTQYF	TRBV7-3*01	0.000298	CASSSQLADTQYF
CASNHGTAAYGYTF	TRBV28*01(169.8)	0.000294	CASNHGTAAYGYTF
CASSRDSPNEKLFF	TRBV2*01	0.000292	CASSRDSPNEKLFF
CSVEALGAQETQYF	TRBV29-1*02	0.000292	CSVEALGAQETQYF
CASSPQSNTEAFF	TRBV3-1*01	0.000288	CASSPQSNTEAFF
CASSLSGTKETQYF	TRBV5-6*01	0.000286	CASSLSGTKETQYF
CASSSMGGGVGVKLWEQYF	TRBV7-9*01	0.000285	CASSSMGGGVGVKLWEQYF
CASSISGSADTQYF	TRBV9*01	0.000283	CASSISGSADTQYF
CASSYSEVETQYF	TRBV6-5*01	0.000279	CASSYSEVETQYF
CASSPGTGPYYTF	TRBV11-2*01	0.000277	CASSPGTGPYYTF
CSVLDSPNTGELFF	TRBV29-1*01	0.000275	CSVLDSPNTGELFF
CASSWGAAGAELFF	TRBV5-1*01	0.00026	CASSWGAAGAELFF
CASSQQGAPDTQYF	TRBV3-1*01	0.000257	CASSQQGAPDTQYF
CASSPRTDYNEQFF	TRBV18*01(509.4)	0.000256	CASSPRTDYNEQFF
CSARARGQPQETQYF	TRBV20-1*01	0.000256	CSARARGQPQETQYF
CASRGRSPLNTEAFF	TRBV14*01	0.000253	CASRGRSPLNTEAFF
CASSWELLAGGGYEQYF	TRBV5-4*01	0.00025	CASSWELLAGGGYEQYF
CASSEVVPMNTGAFF	TRBV6-1*01	0.000246	CASSEVVPMNTGAFF
CASSEGDRRGEKLFF	TRBV9*01	0.000243	CASSEGDRRGEKLFF
CASSQDGNNEQFF	TRBV11-3*01	0.000242	CASSQDGNNEQFF
CVSSEPEQGASHEQYF	TRBV6-1*01	0.000241	CVSSEPEQGASHEQYF
CASSQPGWSGNTIYF	TRBV3-2*01	0.000239	CASSQPGWSGNTIYF
CASSPEPTSPTDTQYF	TRBV9*01	0.000231	CASSPEPTSPTDTQYF
CASRGREAARLLAKNIQYF	TRBV11-3*01	0.000228	CASRGREAARLLAKNIQYF
CASRGGSTDTQYF	TRBV3-1*01	0.000228	CASRGGSTDTQYF
CAISDRRGGTGELFF	TRBV10-3*01	0.000226	CAISDRRGGTGELFF
CASSFSGDQETQYF	TRBV9*01	0.000226	CASSFSGDQETQYF
CSDTTENQPQHF	TRBV29-1*01	0.000223	CSDTTENQPQHF
CASSQEGDRVQETQYF	TRBV4-1*01(417.6)	0.00022	CASSQEGDRVQETQYF
CASSGTNTNEQFF	TRBV7-7*02	0.00022	CASSGTNTNEQFF
CASSPYSADTQYF	TRBV9*01	0.000219	CASSPYSADTQYF
CASSSRTGANGSPNYEQYF	TRBV9*03	0.000218	CASSSRTGANGSPNYEQYF
CASIPGRGNEQFF	TRBV7-9*01	0.000216	CASIPGRGNEQFF
CASRGATNEKLFF	TRBV14*01	0.000213	CASRGATNEKLFF
CASGLGGGGVNEQFF	TRBV12-5*01(164.3)	0.000211	CASGLGGGGVNEQFF
CSVEDRDYNEQFF	TRBV29-1*01	0.000211	CSVEDRDYNEQFF
CASSPLAGGATGELFF	TRBV18*01(503.9)	0.000208	CASSPLAGGATGELFF
CASRGRRGTGELFF	TRBV3-1*01	0.000199	CASRGRRGTGELFF
CASSDVTGSIGTQYF	TRBV2*01	0.000199	CASSDVTGSIGTQYF
CSVGTGGNIQYF	TRBV29-1*01	0.000197	CSVGTGGNIQYF
CSVAGDNEKLFF	TRBV29-1*01	0.000197	CSVAGDNEKLFF
CSAREDLRPEQYF	TRBV20-1*01	0.000195	CSAREDLRPEQYF
CASRDGGGTLTGELFF	TRBV5-6*01	0.000193	CASRDGGGTLTGELFF
CASSLGQGDTGELFF	TRBV5-6*01	0.000186	CASSLGQGDTGELFF
CASSSARLTLSSYNEQFF	TRBV7-9*01	0.000182	CASSSARLTLSSYNEQFF
CASSLPIGSSYNEQFF	TRBV7-9*01	0.00018	CASSLPIGSSYNEQFF
CASSLLISGGAYEQYF	TRBV28*01(171.3)	0.000178	CASSLLISGGAYEQYF
CASSLGGRGVGETQYF	TRBV5-4*01	0.000178	CASSLGGRGVGETQYF
CASTPGGNQYNEQFF	TRBV4-2*01	0.000177	CASTPGGNQYNEQFF
CASSPSDRGRGGYTF	TRBV6-6*04	0.000175	CASSPSDRGRGGYTF
CASSQGPRGRTGELFF	TRBV4-3*01	0.000175	CASSQGPRGRTGELFF
CASSQDTRPNSGNTIYF	TRBV4-3*01	0.000169	CASSQDTRPNSGNTIYF
CASSSMGGGVGVKLWEQYF	TRBV7-9*01	0.000169	CASSSMGGGVGVKLWEQYF
CSVGDRGREGLETQYF	TRBV29-1*01	0.000168	CSVGDRGREGLETQYF
CASSQDMRARQETQYF	TRBV4-1*01(424.3)	0.000168	CASSQDMRARQETQYF
CAWRALAKNIQYF	TRBV30*01	0.000166	CAWRALAKNIQYF
CSAREVHRAVNYGYTF	TRBV20-1*01	0.000163	CSAREVHRAVNYGYTF
CASSLSSYEQYF	TRBV5-6*01	0.000158	CASSLSSYEQYF
CASSTYPPLTVGENNEQFF	TRBV7-6*01	0.000157	CASSTYPPLTVGENNEQFF
CASSYSGPNSPLHF	TRBV6-5*01	0.000156	CASSYSGPNSPLHF
CAGSEGQWNTEAFF	TRBV6-1*01	0.000154	CAGSEGQWNTEAFF
CASGTASSGNTIYF	TRBV10-2*01(162.9)	0.000154	CASGTASSGNTIYF
CASSQQGWNTGELFF	TRBV4-1*01(403.4)	0.000153	CASSQQGWNTGELFF
CAGSRDYRQMSSYNEQFF	TRBV19*03	0.000151	CAGSRDYRQMSSYNEQFF
CASSYGKGQFF	TRBV6-5*01	0.00015	CASSYGKGQFF
CASSQIGLAGGPAYNEQFF	TRBV3-1*01	0.000143	CASSQIGLAGGPAYNEQFF
CASSVGGASYNEQFF	TRBV9*01	0.000141	CASSVGGASYNEQFF
CSATRTVQETQYF	TRBV20-1*02	0.000141	CSATRTVQETQYF
CASSRGDSNQPQHF	TRBV19*03	0.000132	CASSRGDSNQPQHF
CASSGQGRWSSYEQYF	TRBV7-9*04	0.00013	CASSGQGRWSSYEQYF
CASSPTPAGAGANVLTF	TRBV4-1*01(398.6)	0.000129	CASSPTPAGAGANVLTF
CASSFRGPSNQPQHF	TRBV5-6*01	0.000128	CASSFRGPSNQPQHF
CATSRVRGQSASEQYF	TRBV15*01	0.000126	CATSRVRGQSASEQYF
CSARARGQPQETQYF	TRBV20-1*01	0.000126	CSARARGQPQETQYF
CASSQDIAGASTDTQYF	TRBV14*01	0.000124	CASSQDIAGASTDTQYF
CASKGRVSTDTQYF	TRBV14*02	0.000124	CASKGRVSTDTQYF
CASSYSSGTDLTNSPLHF	TRBV6-2*01	0.000122	CASSYSSGTDLTNSPLHF
CSAGTGGNTEAFF	TRBV20-1*01	0.000115	CSAGTGGNTEAFF
CASSLTENTGELFF	TRBV27*01(189.6)	0.000115	CASSLTENTGELFF
CASSLEELRRPEQYF	TRBV28*01(194.6)	0.000112	CASSLEELRRPEQYF
CASSSTGGEETQYF	TRBV13*01	0.00011	CASSSTGGEETQYF
CASSLLAGGEQFF	TRBV7-3*01	0.000109	CASSLLAGGEQFF
CASSPPPRGEAFF	TRBV7-3*01	0.000109	CASSPPPRGEAFF
CATSEGGQGANEQFF	TRBV24-1*01	0.000103	CATSEGGQGANEQFF
CASRGRGDHLYEQYF	TRBV6-1*01	0.000102	CASRGRGDHLYEQYF
CASSRDSPNEKLFF	TRBV2*01	0.0001	CASSRDSPNEKLFF
CASSPTELTLSSGNTIYF	TRBV7-8*01	9.7e-05	CASSPTELTLSSGNTIYF
CASSQDWGLSSPLHF	TRBV3-1*01	9.4e-05	CASSQDWGLSSPLHF
CTSSRDYRQMSSYNEQFF	TRBV19*03	9.4e-05	CTSSRDYRQMSSYNEQFF
CSVEDRGREGLETQYF	TRBV29-1*01	9.4e-05	CSVEDRGREGLETQYF
CASSLGPGAGGVNEQFF	TRBV7-2*01	9.3e-05	CASSLGPGAGGVNEQFF
CSVYSGANVLTF	TRBV29-1*01	9.3e-05	CSVYSGANVLTF
CASSPRGQASSYNEQFF	TRBV7-9*01	9.1e-05	CASSPRGQASSYNEQFF
CASSELGTKNGYTF	TRBV28*01(179.4)	8.4e-05	CASSELGTKNGYTF
CASSTTSYGCTF	TRBV5-1*01	8.3e-05	CASSTTSYGCTF
CASSPGTSTHEQFF	TRBV9*01	7.9e-05	CASSPGTSTHEQFF
CASTSDPPAYEQYF	TRBV28*01(169.6)	7.8e-05	CASTSDPPAYEQYF
CASRRGVNEQFF	TRBV28*01(175)	7.7e-05	CASRRGVNEQFF
CASSVAGQETQYF	TRBV9*01	7.5e-05	CASSVAGQETQYF
CASSQDGTSGYAF	TRBV4-1*01(416)	7.5e-05	CASSQDGTSGYAF
CSARPGTGSYEQHF	TRBV20-1*01	7.5e-05	CSARPGTGSYEQHF
CASTSGDIVTLAEAFF	TRBV6-2*01	7.5e-05	CASTSGDIVTLAEAFF
CASSDRGPGELFF	TRBV6-4*01	7.4e-05	CASSDRGPGELFF
CASSLGRAPYEQYF	TRBV7-8*01	7.2e-05	CASSLGRAPYEQYF
CASSYLAAGGADTQCF	TRBV6-2*01	6.7e-05	CASSYLAAGGADTQCF
CASSTGQMNTEAFF	TRBV5-4*01	6.6e-05	CASSTGQMNTEAFF
CASGSPYSATVSTGELFF	TRBV9*01	6.5e-05	CASGSPYSATVSTGELFF
CASSIGTSGIPYNEQFF	TRBV19*01	6.4e-05	CASSIGTSGIPYNEQFF
CASSLEYLAGEYEQYF	TRBV28*01(179.7)	6.2e-05	CASSLEYLAGEYEQYF
CASSLGSGGLYNEQFF	TRBV5-4*01	6e-05	CASSLGSGGLYNEQFF
CASSEEATAAYEQYF	TRBV2*01	6e-05	CASSEEATAAYEQYF
CASRTGTSGRAYNEQFF	TRBV5-4*01	5.9e-05	CASRTGTSGRAYNEQFF
CASSLTDVSYEQYF	TRBV11-2*01	5.9e-05	CASSLTDVSYEQYF
CASPPLAGETQYF	TRBV18*01(490.2)	5.8e-05	CASPPLAGETQYF
CASSQSQAGYTF	TRBV16*01	5.7e-05	CASSQSQAGYTF
CASSYSSATYGYTF	TRBV6-5*01	5.6e-05	CASSYSSATYGYTF
CASSLNSQGRIGCTF	TRBV7-2*01	5.5e-05	CASSLNSQGRIGCTF
CASSPGTNEKLFF	TRBV28*01(166)	5.5e-05	CASSPGTNEKLFF
CASSPTGETYEQYF	TRBV18*01(505)	5.4e-05	CASSPTGETYEQYF
CASSLNAGVWLVDEQYF	TRBV5-1*01	5.4e-05	CASSLNAGVWLVDEQYF
CASSSGTIVEQYF	TRBV11-2*03	5.3e-05	CASSSGTIVEQYF
CASSVAQGTETQYF	TRBV9*01	5.2e-05	CASSVAQGTETQYF
CATSSFAGEEQYF	TRBV15*02	4.9e-05	CATSSFAGEEQYF
CATSWDTGELFF	TRBV24-1*01	4.9e-05	CATSWDTGELFF
CASSPGQITDTQYF	TRBV5-1*01	4.9e-05	CASSPGQITDTQYF
CASSETGDTQYF	TRBV6-4*01	4.9e-05	CASSETGDTQYF
CASSSPFRDRGVGGELFF	TRBV28*01(156.5)	4.8e-05	CASSSPFRDRGVGGELFF
CASSYSDRRLVAQHF	TRBV6-5*01	4.5e-05	CASSYSDRRLVAQHF
CASSPPKSRAFF	TRBV18*01(525)	4.4e-05	CASSPPKSRAFF
CASSQLVGGRDSSSYEQYF	TRBV4-3*01	4.3e-05	CASSQLVGGRDSSSYEQYF
CASSFSWTGNKPYEQYF	TRBV27*01(191)	4.3e-05	CASSFSWTGNKPYEQYF
CASSLMWREQYF	TRBV12-3*01	4.3e-05	CASSLMWREQYF
CASSLGAVEAFF	TRBV12-3*01	4.3e-05	CASSLGAVEAFF
CASSISSPPRETQYF	TRBV19*01	4.2e-05	CASSISSPPRETQYF
CASSVALAGGPDTQYF	TRBV9*01	4.2e-05	CASSVALAGGPDTQYF
CAWSLPTKLNYGYTF	TRBV30*01	4.1e-05	CAWSLPTKLNYGYTF
CATEAPGTSDEKLFF	TRBV28*01(153.9)	4e-05	CATEAPGTSDEKLFF
CAITERGGNYGYTF	TRBV10-3*01	4e-05	CAITERGGNYGYTF
CASSQRAGAGGEQFF	TRBV3-1*01	4e-05	CASSQRAGAGGEQFF
CASSFTQTGTSVDEQYF	TRBV27*01(190)	4e-05	CASSFTQTGTSVDEQYF
CASSLLPGGANGQYF	TRBV27*01(195)	3.9e-05	CASSLLPGGANGQYF
CASSLPDEQYF	TRBV6-2*01	3.8e-05	CASSLPDEQYF
CASSLRTSGFYEQYF	TRBV27*01(190)	3.8e-05	CASSLRTSGFYEQYF
CASSQESTGPDTQYF	TRBV4-1*01(408.6)	3.8e-05	CASSQESTGPDTQYF
CASSPQTDTQYF	TRBV18*01(509.9)	3.8e-05	CASSPQTDTQYF
CASREPNTEAFF	TRBV12-3*01	3.8e-05	CASREPNTEAFF
CASRTLSGQGGSPLHF	TRBV6-6*03	3.8e-05	CASRTLSGQGGSPLHF
CASSQGFWDQPQHF	TRBV28*01(157.5)	3.8e-05	CASSQGFWDQPQHF
CASSFGFGVGRTQYF	TRBV28*01(190)	3.7e-05	CASSFGFGVGRTQYF
CASSFTSGTRADTQYF	TRBV7-2*01	3.7e-05	CASSFTSGTRADTQYF
CASSLTPPGQGSVADSSYNEQFF	TRBV6-6*04	3.6e-05	CASSLTPPGQGSVADSSYNEQFF
CASSQEWSSGNNEQFF	TRBV4-2*01	3.5e-05	CASSQEWSSGNNEQFF
CASSLEQRMRETQYF	TRBV5-1*01	3.5e-05	CASSLEQRMRETQYF
CASSSRLAGGTDTQYF	TRBV27*01(167.2)	3.3e-05	CASSSRLAGGTDTQYF
CASRTGTGNLYEQYF	TRBV27*01(132.2)	3.3e-05	CASRTGTGNLYEQYF
CASGLGGGVNEQFF	TRBV12-5*01(165)	3.3e-05	CASGLGGGVNEQFF
CSVPRPSSSYNEQFF	TRBV29-1*01	3.3e-05	CSVPRPSSSYNEQFF
CASSQGVGDNQPQHF	TRBV3-1*01(448)	3.2e-05	CASSQGVGDNQPQHF
CASSLASGYTF	TRBV28*01(190)	3e-05	CASSLASGYTF
CASSARNEQFF	TRBV9*03	3e-05	CASSARNEQFF
CASSYDRAGQPQHF	TRBV27*01(175)	3e-05	CASSYDRAGQPQHF
CASSLGAGGPFETQYF	TRBV5-4*01	2.9e-05	CASSLGAGGPFETQYF
CASSKINQPQHF	TRBV27*01(173.6)	2.9e-05	CASSKINQPQHF
CASRPSGGDEQFF	TRBV2*01	2.9e-05	CASRPSGGDEQFF
CASSQDPPTEGLADTQYF	TRBV4-2*01	2.8e-05	CASSQDPPTEGLADTQYF
CASNQQGSTEAFF	TRBV6-1*01	2.8e-05	CASNQQGSTEAFF
CASSLDTGELFF	TRBV4-2*01	2.8e-05	CASSLDTGELFF
CSARDRETSGFSYEQYF	TRBV20-1*01	2.6e-05	CSARDRETSGFSYEQYF
CASSFLSGLDEQFF	TRBV7-8*01	2.6e-05	CASSFLSGLDEQFF
CASSLGLMGGENQPQHF	TRBV28*01(195)	2.6e-05	CASSLGLMGGENQPQHF
CASSLGQGDTGELFF	TRBV5-6*01	2.5e-05	CASSLGQGDTGELFF
CASSLIRDREVGNTIYF	TRBV3-1*01	2.5e-05	CASSLIRDREVGNTIYF
CASSQGQHSNQPQHF	TRBV19*01	2.5e-05	CASSQGQHSNQPQHF
CATSDWSAGNTIYF	TRBV28*01(154)	2.4e-05	CATSDWSAGNTIYF
CASSLRRSSGPLEQYF	TRBV27*01(193.2)	2.3e-05	CASSLRRSSGPLEQYF
CASSSASAYNEQFF	TRBV27*01(185)	2.3e-05	CASSSASAYNEQFF
CASSAGDSPSTDTQYF	TRBV7-7*02	2.3e-05	CASSAGDSPSTDTQYF
CASSLEDGGSLGDTQYF	TRBV28*01(195)	2.3e-05	CASSLEDGGSLGDTQYF
CASNGDRGVQGSGANVLTF	TRBV19*01	2.2e-05	CASNGDRGVQGSGANVLTF
CASSVSSSDEQYF	TRBV10-1*01	2.2e-05	CASSVSSSDEQYF
CASRAGRGGTKNIQYF	TRBV7-8*01	2.2e-05	CASRAGRGGTKNIQYF
CASTPWGGANEKLFF	TRBV28*01(170)	2.1e-05	CASTPWGGANEKLFF
CASSSRTKVTYEQYF	TRBV27*01(185)	2.1e-05	CASSSRTKVTYEQYF
CASSSVGTEAFF	TRBV7-8*01	2.1e-05	CASSSVGTEAFF
CASSSQPKSRQGHFYF	TRBV28*01(185)	2.1e-05	CASSSQPKSRQGHFYF
CASSPNRTARYGYTF	TRBV18*01(503)	2e-05	CASSPNRTARYGYTF
CASSEVRGGPIGEQYF	TRBV6-1*01	2e-05	CASSEVRGGPIGEQYF
CASIGGRIYYEQYF	TRBV6-2*01	1.9e-05	CASIGGRIYYEQYF
CASSSPRVGNTIYF	TRBV12-3*01	1.9e-05	CASSSPRVGNTIYF
CASSYSGSGSHEQYF	TRBV6-2*01	1.9e-05	CASSYSGSGSHEQYF
CASSGRTGNYGYTF	TRBV9*01	1.9e-05	CASSGRTGNYGYTF
CASSFGRTEQFF	TRBV27*01(190)	1.9e-05	CASSFGRTEQFF
CASSLGDEKLFF	TRBV7-9*01	1.9e-05	CASSLGDEKLFF
CATQPGQKNQPQHF	TRBV6-1*01	1.8e-05	CATQPGQKNQPQHF
CASNGDRGVQGSVANVLTF	TRBV19*01	1.8e-05	CASNGDRGVQGSVANVLTF
CASQGANTEAFF	TRBV9*01	1.8e-05	CASQGANTEAFF
CATSRSPGGRQYEQYF	TRBV15*01	1.8e-05	CATSRSPGGRQYEQYF
CASSLGTRVNEQYF	TRBV27*01(172.2)	1.8e-05	CASSLGTRVNEQYF
CASRVGVSTDTQYF	TRBV5-1*01	1.8e-05	CASRVGVSTDTQYF
CASSVEDAVSYEQYF	TRBV9*01	1.8e-05	CASSVEDAVSYEQYF
CASRPRGANTGELFF	TRBV27*01(175)	1.8e-05	CASRPRGANTGELFF
CAWSPDTEAFF	TRBV30*01	1.8e-05	CAWSPDTEAFF
CASSLIGGTGDEQYF	TRBV5-5*01	1.7e-05	CASSLIGGTGDEQYF
CASSYAAYEQYF	TRBV6-2*01	1.7e-05	CASSYAAYEQYF
CASSTGQGQSYGQHF	TRBV11-2*01	1.7e-05	CASSTGQGQSYGQHF
CASSRGDSNQPHHF	TRBV19*03	1.7e-05	CASSRGDSNQPHHF
CASSVRQYPYEQYF	TRBV10-2*01(183.3)	1.6e-05	CASSVRQYPYEQYF
CASSGTSGMETQYF	TRBV5-4*01	1.6e-05	CASSGTSGMETQYF
CASSDGHGSNTEAFF	TRBV5-1*01	1.6e-05	CASSDGHGSNTEAFF
CASSPRVGSYEQYF	TRBV3-1*01	1.6e-05	CASSPRVGSYEQYF
CSVLTGETYEQYF	TRBV29-1*01	1.6e-05	CSVLTGETYEQYF
CSATGTSGRGGVRDTQYF	TRBV20-1*01	1.5e-05	CSATGTSGRGGVRDTQYF
CASSLGQNDSPLHF	TRBV5-1*01	1.5e-05	CASSLGQNDSPLHF
CASSNWESRDNYGYTF	TRBV5-1*01	1.4e-05	CASSNWESRDNYGYTF
CASRATGGEQYF	TRBV6-6*05	1.4e-05	CASRATGGEQYF
CASSEKETSGDRTQYF	TRBV5-1*01	1.4e-05	CASSEKETSGDRTQYF
CASSHDRRQGGLSGRSYEQFF	TRBV27*01(175)	1.4e-05	CASSHDRRQGGLSGRSYEQFF
CASSATGFQVDTEAFF	TRBV19*01	1.4e-05	CASSATGFQVDTEAFF
CASSPIAGEWADTQYF	TRBV28*01(176.5)	1.4e-05	CASSPIAGEWADTQYF
CASSYTSSGSETQYF	TRBV6-5*01	1.4e-05	CASSYTSSGSETQYF
CASSVATGDDTEAFF	TRBV9*01	1.4e-05	CASSVATGDDTEAFF
CSVGVNTEAFF	TRBV29-1*02	1.4e-05	CSVGVNTEAFF
CASSRPGQGYEQYF	TRBV14*01	1.3e-05	CASSRPGQGYEQYF
CASSDPRGQLVYEQYF	TRBV6-1*01	1.3e-05	CASSDPRGQLVYEQYF
CASKDGRSSYNEQFF	TRBV28*01(162.4)	1.3e-05	CASKDGRSSYNEQFF
CASSAVDSTDTQYF	TRBV28*01(175)	1.3e-05	CASSAVDSTDTQYF
CASSPGPNYEQYF	TRBV5-1*01	1.3e-05	CASSPGPNYEQYF
CSAGGGTQETQHF	TRBV20-1*01	1.3e-05	CSAGGGTQETQHF
CASSSGRSDTDTQYF	TRBV6-2*01	1.3e-05	CASSSGRSDTDTQYF
CASSFGPGAYPEQYF	TRBV11-1*01	1.3e-05	CASSFGPGAYPEQYF
CASSVTGLNSPLHF	TRBV28*01(175)	1.3e-05	CASSVTGLNSPLHF
CASSRQWNQPQHF	TRBV27*01(175)	1.3e-05	CASSRQWNQPQHF
CASSEAGGNQPQHF	TRBV6-1*01(180.3)	1.2e-05	CASSEAGGNQPQHF
CASSSRTWGYTF	TRBV19*01	1.2e-05	CASSSRTWGYTF
CAWVLNTEAFF	TRBV30*05	1.1e-05	CAWVLNTEAFF
CASSLCTAGTENNQPQHF	TRBV28*01(212.2)	1e-05	CASSLCTAGTENNQPQHF
CASSGTGGGETQYF	TRBV2*01	1e-05	CASSGTGGGETQYF
CASSLYQRTTQYF	TRBV11-2*01	9e-06	CASSLYQRTTQYF
CASSPNSRWGQTTYEQYF	TRBV5-1*01	9e-06	CASSPNSRWGQTTYEQYF
CASSQDRWTGYTF	TRBV14*01	8e-06	CASSQDRWTGYTF
CASSATDANSPLHF	TRBV7-9*04	7e-06	CASSATDANSPLHF
CASSEYWLAASSTDTQYF	TRBV25-1*01(80.5)	6e-06	CASSEYWLAASSTDTQYF
CAWSVSGGAEAFF	TRBV30*01	6e-06	CAWSVSGGAEAFF
