amino_acid	v_gene	frequency	target_seq	caTCR_score
CASSLTRLGVYGYTF	TRBV6-6*05	0.06351	CASSLTRLGVYGYTF	0.7458061088487993
CASSKREIHPTQYF	TRBV28*01(179.7)	0.043778	CASSKREIHPTQYF	0.737041341793044
CASSLEGGAAMGEKLFF	TRBV28*01(194.7)	0.039882	CASSLEGGAAMGEKLFF	0.6617716020026378
CASSPPDRGAFF	TRBV28*01(179.5)	0.034422	CASSPPDRGAFF	0.6749513876034797
CASSTGTAQYF	TRBV19*03	0.028211	CASSTGTAQYF	0.645382891139679
CASSEALQNYGYTF	TRBV2*01(255.6)	0.027918	CASSEALQNYGYTF	0.5970632379233273
CSARADRGQGYEQYF	TRBV20-1*01	0.027427	CSARADRGQGYEQYF	0.7331549932633182
CASSPWAATNEKLFF	TRBV28*01(179.7)	0.023224	CASSPWAATNEKLFF	0.571197217769752
CAWGWTGGTYEQYF	TRBV30*05	0.019363	CAWGWTGGTYEQYF	0.6763358479791031
CATSADRDGLYEQYF	TRBV24-1*01	0.017496	CATSADRDGLYEQYF	0.7045010631064259
CASSLVGTGGSPYEQYF	TRBV7-9*01	0.013514	CASSLVGTGGSPYEQYF	0.6126267801007085
CASSLVGAEQYF	TRBV28*01(194.4)	0.0125	CASSLVGAEQYF	0.5914062362713506
CASRPSGGGDEQFF	TRBV2*01	0.011245	CASRPSGGGDEQFF	0.629977124287149
CASSPWDTDTQYF	TRBV11-2*03	0.011224	CASSPWDTDTQYF	0.6699016581045887
CASTKWGATNEKLFF	TRBV28*01(169.5)	0.011126	CASTKWGATNEKLFF	0.6750505279315703
CAWSTGFSNYGYTF	TRBV30*01	0.008215	CAWSTGFSNYGYTF	0.6254933988054924
CASSFGSGRTEAFF	TRBV12-3*01	0.007147	CASSFGSGRTEAFF	0.557736213423695
CSAQGQGNTGELFF	TRBV20-1*01	0.006758	CSAQGQGNTGELFF	0.616987321848088
CASSTGQRYYNEQFF	TRBV6-2*01	0.006607	CASSTGQRYYNEQFF	0.7131196955867133
CATQEASNQPQHF	TRBV2*01	0.006398	CATQEASNQPQHF	0.58350470163065
CASKGGSRDTQYF	TRBV11-2*01	0.006265	CASKGGSRDTQYF	0.6888152489872883
CASSTGQGQSYEQYF	TRBV11-2*01	0.005492	CASSTGQGQSYEQYF	0.5726961712818185
CASSPEGLAGPTYEQYF	TRBV7-6*02	0.005211	CASSPEGLAGPTYEQYF	0.5812658793087115
CSAREDLRLEQYF	TRBV20-1*01	0.004832	CSAREDLRLEQYF	0.6558573568502505
CASGGFGNEQYF	TRBV6-1*01	0.004328	CASGGFGNEQYF	0.6260063365653592
CASSLGVPGELFF	TRBV5-6*01	0.004284	CASSLGVPGELFF	0.6492713602697427
CASKGTEYGYTF	TRBV2*01	0.004167	CASKGTEYGYTF	0.722273782125644
CAWTRRYEQYF	TRBV30*01	0.003781	CAWTRRYEQYF	0.6050566334882517
CATAHSYNEQFF	TRBV28*01(154.6)	0.00367	CATAHSYNEQFF	0.7021817372899833
CATEPGQGSNYGYTF	TRBV24-1*01	0.00349	CATEPGQGSNYGYTF	0.6884719258501982
CASSQDLADRDSLFSGNTIYF	TRBV4-3*01	0.003461	CASSQDLADRDSLFSGNTIYF	0.7580079426932758
CASSDRGGGTDTQYF	TRBV6-6*05	0.003436	CASSDRGGGTDTQYF	0.628673906053554
CASSYMALQGYEQYF	TRBV28*01(192.8)	0.003334	CASSYMALQGYEQYF	0.7216594057607134
CASSLWSGTNEKLFF	TRBV28*01(204.8)	0.003328	CASSLWSGTNEKLFF	0.6298677563940924
CASSLWKSTNEKLFF	TRBV28*01(204.6)	0.003234	CASSLWKSTNEKLFF	0.6763318031495911
CASSLIGQGSGIGGYTF	TRBV28*01(194.7)	0.003162	CASSLIGQGSGIGGYTF	0.7026403334435387
CASSRTYEQYF	TRBV6-6*04	0.003116	CASSRTYEQYF	0.5282868464571789
CASSEAMGVGFYEQYF	TRBV2*01	0.00307	CASSEAMGVGFYEQYF	0.652663624241547
CASSFRDRDNEQYF	TRBV27*01(189.8)	0.003044	CASSFRDRDNEQYF	0.7627049606776327
CASSGTGSSGNTIYF	TRBV11-1*01	0.003043	CASSGTGSSGNTIYF	0.5636287332093631
CASSYSVGRVTYEQYF	TRBV6-5*01	0.002873	CASSYSVGRVTYEQYF	0.632479339273263
CASSEGRTTNHEQYF	TRBV6-1*01	0.002844	CASSEGRTTNHEQYF	0.7447692499550601
CASTREANYGYTF	TRBV2*01	0.002738	CASTREANYGYTF	0.6133815455528259
CAWRTSVTDTQYF	TRBV30*01	0.002729	CAWRTSVTDTQYF	0.6983987861386175
CATSRVRGQSAGEQYF	TRBV15*01	0.002722	CATSRVRGQSAGEQYF	0.7307179355901897
CASSYRGLAELNSYEQYF	TRBV6-2*01	0.002612	CASSYRGLAELNSYEQYF	0.6356363208018521
CASSPTVAEKLFF	TRBV18*01(504.1)	0.002607	CASSPTVAEKLFF	0.6076852452554558
CASSSLRGDEAFF	TRBV27*01(184.5)	0.002578	CASSSLRGDEAFF	0.7408448172917146
CSAESGTGGTEAFF	TRBV20-1*01	0.00253	CSAESGTGGTEAFF	0.6164797465094811
CASSYDFRGDTIYF	TRBV6-5*01	0.002527	CASSYDFRGDTIYF	0.6856109912855708
CASSFPAQGAYEQYF	TRBV6-6*03	0.00252	CASSFPAQGAYEQYF	0.5713400413739174
CASRTGGTDTQYF	TRBV10-2*01(174.4)	0.002502	CASRTGGTDTQYF	0.5837444826583438
CASSAAGQGNYGYTF	TRBV6-6*03	0.002501	CASSAAGQGNYGYTF	0.56605697573553
CASSSGLAGGWLEQYF	TRBV28*01(184.1)	0.002486	CASSSGLAGGWLEQYF	0.7336005322464451
CASSVDQPYEQYF	TRBV2*01	0.002473	CASSVDQPYEQYF	0.5773280512872688
CASSLDSGGRYEQYF	TRBV11-2*01	0.00247	CASSLDSGGRYEQYF	0.573798121647229
CSVEVWDSHYNEQFF	TRBV29-1*01	0.002469	CSVEVWDSHYNEQFF	0.6920144521767814
CASSRDSYEQYF	TRBV19*03	0.002467	CASSRDSYEQYF	0.5321146248389903
CASSMTTSGRGKTQYF	TRBV19*01	0.002449	CASSMTTSGRGKTQYF	0.7012218917633154
CATEGTHTYEQYF	TRBV24-1*01	0.002436	CATEGTHTYEQYF	0.6577033089397647
CAWINQGADFGYTF	TRBV30*01	0.002392	CAWINQGADFGYTF	0.6716666096053082
CASRVTGGSNQPQHF	TRBV2*02	0.002373	CASRVTGGSNQPQHF	0.5973660032615837
CASSLWVFEDGEQYF	TRBV5-1*01	0.00237	CASSLWVFEDGEQYF	0.7826526643718503
CASSQDWGLSSPLHF	TRBV3-1*01	0.002369	CASSQDWGLSSPLHF	0.7332272850981771
CSATTEGDEQYF	TRBV20-1*02	0.002335	CSATTEGDEQYF	0.7128164834846863
CASSLTGGDSYEQYF	TRBV5-1*01	0.002332	CASSLTGGDSYEQYF	0.5725075907663083
CASSYFQGGNQPQHF	TRBV6-2*01	0.002308	CASSYFQGGNQPQHF	0.5705394502498529
CASSTTSYGYTF	TRBV5-1*01	0.002228	CASSTTSYGYTF	0.5671135178572424
CASSLGNRGHGYTF	TRBV5-1*01	0.002223	CASSLGNRGHGYTF	0.7361883280230587
CASSLYPLAKNIQYF	TRBV28*01(189)	0.002222	CASSLYPLAKNIQYF	0.7263953313002844
CASSSRDRANTGELFF	TRBV27*01(184.2)	0.002202	CASSSRDRANTGELFF	0.6706316495856528
CASSADRVRTYEQYF	TRBV10-1*01	0.002168	CASSADRVRTYEQYF	0.7100411659547152
CAWSRKVVGGPYEQYF	TRBV30*01	0.002163	CAWSRKVVGGPYEQYF	0.6758186792352822
CAWSVHTGEDGYTF	TRBV30*01	0.002147	CAWSVHTGEDGYTF	0.6879036792478856
CATSDDRAEAFF	TRBV24-1*01	0.002143	CATSDDRAEAFF	0.5825202227593719
CASQGRGDHLYEQYF	TRBV6-1*01	0.002137	CASQGRGDHLYEQYF	0.6972818018877748
CASTFRTGQPQHF	TRBV28*01(169.4)	0.002129	CASTFRTGQPQHF	0.627796465307129
CASSPGLALSYEQYF	TRBV18*01(508.3)	0.002121	CASSPGLALSYEQYF	0.6341267571709427
CASTLLAGGHYEQYF	TRBV12-3*01	0.00212	CASTLLAGGHYEQYF	0.6810248283137502
CAISEYLAQSHEQYF	TRBV10-3*01	0.002101	CAISEYLAQSHEQYF	0.6985975447535447
CASSRGQGESGELFF	TRBV7-2*01	0.002099	CASSRGQGESGELFF	0.5967310020518801
CASNQAGVDEQYF	TRBV19*01	0.002096	CASNQAGVDEQYF	0.703240496532241
CASSSGQGVGQPQHF	TRBV27*01(184.7)	0.002091	CASSSGQGVGQPQHF	0.5796032570572245
CASSPWSATNEKLFF	TRBV28*01(179.8)	0.002074	CASSPWSATNEKLFF	0.5818983749350772
CASSPGTGGIRYGYTF	TRBV27*01(178.4)	0.002073	CASSPGTGGIRYGYTF	0.742871078338412
CASSHGTGSGGYTF	TRBV4-1*01(401.8)	0.002067	CASSHGTGSGGYTF	0.669973830954058
CASTIGGGEKYEQYF	TRBV6-6*03	0.00205	CASTIGGGEKYEQYF	0.6493673835818343
CASSIDPGSGNTIYF	TRBV19*01	0.00202	CASSIDPGSGNTIYF	0.5584198015675992
CASSRDRSYEQYF	TRBV7-2*01	0.002009	CASSRDRSYEQYF	0.5392269675836272
CTFTLGHGMANEQFF	TRBV29-1*01	0.001989	CTFTLGHGMANEQFF	0.75143052373363
CSARVLTNTGELFF	TRBV20-1*01	0.001975	CSARVLTNTGELFF	0.673058218083706
CASSHKQGNTGELFF	TRBV27*01(178.6)	0.00195	CASSHKQGNTGELFF	0.7422606721761139
CASSSEQGDRYEQYF	TRBV7-6*02	0.001944	CASSSEQGDRYEQYF	0.6617198358043781
CASSTPGQGSDEQYF	TRBV9*03	0.001937	CASSTPGQGSDEQYF	0.6818834620900589
CASSYPRQGYSPLHF	TRBV28*01(184.7)	0.001935	CASSYPRQGYSPLHF	0.6739958078856121
CASSSSQVAGVQYF	TRBV10-1*01	0.001898	CASSSSQVAGVQYF	0.7213941827183863
CASGTASSGNTIYF	TRBV10-2*01(164.6)	0.001878	CASGTASSGNTIYF	0.6021142748568324
CSARDGSARASEQYF	TRBV20-1*01	0.001859	CSARDGSARASEQYF	0.6618468828875529
CASSQDRGANYGYTF	TRBV4-3*01	0.001833	CASSQDRGANYGYTF	0.5872431424960354
CASKIRDGPPGQYF	TRBV28*01(169.1)	0.00182	CASKIRDGPPGQYF	0.7739056120869003
CASTPLGQGYEQYF	TRBV2*01	0.001809	CASTPLGQGYEQYF	0.6471257882289927
CSAVPGLEAGYEQYF	TRBV20-1*02	0.001807	CSAVPGLEAGYEQYF	0.648190616424737
CASSLGRVPYEQYF	TRBV7-8*01	0.001788	CASSLGRVPYEQYF	0.6214027963359204
CASSLAFPFPGTSGPYEQYF	TRBV12-3*01	0.001772	CASSLAFPFPGTSGPYEQYF	0.7238001913221348
CAWSRDRTNSGANVLTF	TRBV30*01	0.001762	CAWSRDRTNSGANVLTF	0.663465624014848
CASSLQVSSYEQYF	TRBV5-1*01	0.001746	CASSLQVSSYEQYF	0.5932564573939971
CASSYSAVSGSSGSYNEQFF	TRBV6-2*01	0.001745	CASSYSAVSGSSGSYNEQFF	0.6532088492855775
CATSDPGTGDTEAFF	TRBV24-1*01	0.001731	CATSDPGTGDTEAFF	0.6413712571430153
CASSFSGRHRNEQFF	TRBV6-2*01	0.001696	CASSFSGRHRNEQFF	0.7069349770344436
CASSSPGTPAYEQYF	TRBV19*01	0.001681	CASSSPGTPAYEQYF	0.6382768191270385
CASSLWSSHYEQYF	TRBV7-2*01	0.001681	CASSLWSSHYEQYF	0.649827625157544
CASMPTPASGRTPLYEQYF	TRBV6-1*01	0.001675	CASMPTPASGRTPLYEQYF	0.7479357631410126
CASSFTSGRPSYNEQFF	TRBV28*01(189.8)	0.001672	CASSFTSGRPSYNEQFF	0.6843047413746128
CASSPDRLGGQPQHF	TRBV28*01(179.5)	0.001665	CASSPDRLGGQPQHF	0.6282581632844907
CASSPPGGYTF	TRBV5-1*01	0.001662	CASSPPGGYTF	0.5902985026317324
CASRTDGLRGEKLFF	TRBV28*01(174.9)	0.001646	CASRTDGLRGEKLFF	0.6560537749011379
CASSLEQSGNTQYF	TRBV7-6*01	0.001642	CASSLEQSGNTQYF	0.5709978711748652
CASSYGQNTEAFF	TRBV6-2*01	0.001639	CASSYGQNTEAFF	0.5850727792471048
CASSRAGSISYEQYF	TRBV11-2*03	0.001633	CASSRAGSISYEQYF	0.5679329835204454
CASSEGRGRNGQPQHF	TRBV2*01	0.001632	CASSEGRGRNGQPQHF	0.6166209150842803
CASGLSGLASLKGNEQFF	TRBV12-5*01(169.8)	0.001626	CASGLSGLASLKGNEQFF	0.7057772797411963
CASSLNNRGYYGYTF	TRBV5-1*01	0.001621	CASSLNNRGYYGYTF	0.6604531102014263
CASSFNSGSGKLFF	TRBV7-2*01	0.001615	CASSFNSGSGKLFF	0.6896415973118328
CASSLELYGYTF	TRBV12-3*01	0.001614	CASSLELYGYTF	0.6055310289094584
CASALRGGRDYEQYF	TRBV11-2*01	0.001606	CASALRGGRDYEQYF	0.6586067047836052
CATSDPWTGDGYTF	TRBV24-1*01	0.001604	CATSDPWTGDGYTF	0.7535723969457077
CASSPTAVGLAGAGGETQYF	TRBV7-8*03	0.00159	CASSPTAVGLAGAGGETQYF	0.6840183496840132
CASSLGPPTDTQYF	TRBV28*01(148.9)	0.001589	CASSLGPPTDTQYF	0.6028323562687439
CASSLGLKGGRGTNSNQPQHF	TRBV11-2*01	0.001587	CASSLGLKGGRGTNSNQPQHF	0.7039922486759704
CASSLEGTQNRDEQFF	TRBV27*01(194.8)	0.001585	CASSLEGTQNRDEQFF	0.739855358919024
CASSFPPGTGYEQPQHF	TRBV6-5*01	0.001578	CASSFPPGTGYEQPQHF	0.6250015530500258
CASSIDPKLPVTHF	TRBV19*01	0.001571	CASSIDPKLPVTHF	0.7299464984895497
CAWVEVKDGTRDQPQHF	TRBV30*05	0.001565	CAWVEVKDGTRDQPQHF	0.8241121686154068
CAWRIQVVIYF	TRBV30*01	0.001564	CAWRIQVVIYF	0.7337706368434355
CATSQRTGEQYF	TRBV15*02	0.001558	CATSQRTGEQYF	0.6444821438253577
CSARVVGRLYTEAFF	TRBV20-1*01	0.001555	CSARVVGRLYTEAFF	0.7848530781403481
CASRPGHSYNEQFF	TRBV28*01(174.8)	0.00155	CASRPGHSYNEQFF	0.6975442345866809
CASSFRGALSEQFF	TRBV27*01(189.9)	0.001546	CASSFRGALSEQFF	0.6441568788655433
CASSWTVNTEAFF	TRBV27*01(183.1)	0.001545	CASSWTVNTEAFF	0.5208824213904516
CASSDGQGWQPQHF	TRBV2*01	0.001537	CASSDGQGWQPQHF	0.604986418920233
CASGSDGWGAPYEQYF	TRBV27*01(165.9)	0.001536	CASGSDGWGAPYEQYF	0.706434280907539
CSAPKQGNRYNEQFF	TRBV20-1*01	0.001528	CSAPKQGNRYNEQFF	0.7091160253716535
CSARRDAGPYEQYF	TRBV20-1*01	0.001528	CSARRDAGPYEQYF	0.6885936922940102
CSARRQNEKLFF	TRBV20-1*01	0.001526	CSARRQNEKLFF	0.6321228595372699
CASSDTTGAGNQPQHF	TRBV2*01	0.001526	CASSDTTGAGNQPQHF	0.592567820652902
CSAIRRGGEQYF	TRBV20-1*04	0.001523	CSAIRRGGEQYF	0.7340659599971671
CASSGQGKWSSYEQYF	TRBV7-9*04	0.001522	CASSGQGKWSSYEQYF	0.7372722946022741
CASSFVGNLGEQYF	TRBV27*01(189.9)	0.001516	CASSFVGNLGEQYF	0.6542578476278106
CASSQVGEQYF	TRBV4-1*01(411.9)	0.001509	CASSQVGEQYF	0.6379883146920161
CSARPGTGSYEQYF	TRBV20-1*01	0.001492	CSARPGTGSYEQYF	0.6053818827799257
CSVEGLAGERSHNEQFF	TRBV29-1*01	0.00148	CSVEGLAGERSHNEQFF	0.7431720131897436
CASSYSRDTGLNSPLHF	TRBV6-5*01	0.001479	CASSYSRDTGLNSPLHF	0.5921043237195066
CASSEASRNYGYTF	TRBV6-1*01(183.7)	0.001471	CASSEASRNYGYTF	0.6153721666336828
CASKAGQDHSYEQYF	TRBV28*01(169.6)	0.001471	CASKAGQDHSYEQYF	0.6394406399317166
CASSVNRGDTIYF	TRBV2*01	0.00147	CASSVNRGDTIYF	0.6852836426045089
CASSSGQPYEQYF	TRBV7-2*01	0.001447	CASSSGQPYEQYF	0.5637973873592873
CASSLTVFPQHF	TRBV12-3*01	0.001422	CASSLTVFPQHF	0.6084731702384886
CASSYTEYSNYGYTF	TRBV6-5*01	0.001401	CASSYTEYSNYGYTF	0.6358795646234635
CASSLALTGGEQYF	TRBV5-1*01	0.0014	CASSLALTGGEQYF	0.6674242477991797
CSPNDGYYGYTF	TRBV20-1*01	0.001395	CSPNDGYYGYTF	0.606562430856404
CASSRDYRQMSSYNEQFF	TRBV19*03	0.001394	CASSRDYRQMSSYNEQFF	0.670918152107608
CASSQAWGGDAFF	TRBV4-2*01	0.001393	CASSQAWGGDAFF	0.7730026165315157
CASSSGTGGDYGYTF	TRBV13*01	0.001383	CASSSGTGGDYGYTF	0.6942327579454857
CSAPNLNTEAFF	TRBV20-1*01	0.001374	CSAPNLNTEAFF	0.6178817776795963
CASSSGTSGIHEQYF	TRBV11-2*01	0.001373	CASSSGTSGIHEQYF	0.6581821714607821
CASSLQYGYTF	TRBV28*01(194.1)	0.001367	CASSLQYGYTF	0.5689818068995506
CSAPVPNTEAFF	TRBV20-1*01	0.001357	CSAPVPNTEAFF	0.5994098808406529
CASSQSQAGYTF	TRBV16*01	0.001352	CASSQSQAGYTF	0.6102210115208364
CASSLSFPSYGYTF	TRBV28*01(189.3)	0.001349	CASSLSFPSYGYTF	0.6420540663705094
CSASGQVSYEQYF	TRBV20-1*01	0.001346	CSASGQVSYEQYF	0.6078965558791378
CASRTTTGGETQYF	TRBV2*02	0.001338	CASRTTTGGETQYF	0.6884273594127474
CASRKNTGTSGLTDEQFF	TRBV6-2*01	0.001331	CASRKNTGTSGLTDEQFF	0.7300843454432073
CSATWGDNEKLFF	TRBV20-1*01	0.001328	CSATWGDNEKLFF	0.7109419279249957
CASSLQGAGNTIYF	TRBV7-9*01	0.00132	CASSLQGAGNTIYF	0.5878859499383995
CASQVSAGITDTQYF	TRBV6-6*03	0.001318	CASQVSAGITDTQYF	0.6473439956504081
CASSLAKRREGYEQYF	TRBV7-2*01	0.001316	CASSLAKRREGYEQYF	0.7449725045522816
CASSAFTGNNSPLHF	TRBV5-1*01	0.00131	CASSAFTGNNSPLHF	0.6718865213065287
CASSPVGDHQPQHF	TRBV6-6*04	0.00131	CASSPVGDHQPQHF	0.6875148359420175
CASNHGTAVYGYTF	TRBV28*01(169.9)	0.001305	CASNHGTAVYGYTF	0.7511389444165623
CASSGLAGSGTDTQYF	TRBV10-1*01	0.001296	CASSGLAGSGTDTQYF	0.661810023892782
CSASGGPIYGYTF	TRBV20-1*02	0.001289	CSASGGPIYGYTF	0.7202889918518447
CSAPGGLGQISYEQYF	TRBV20-1*06	0.001283	CSAPGGLGQISYEQYF	0.6460454174656647
CASRVTGTVTEAFF	TRBV7-8*01	0.001273	CASRVTGTVTEAFF	0.671694107617335
CASSQASGQQYF	TRBV3-1*01	0.001269	CASSQASGQQYF	0.6226035116418142
CASATYGQAEQYF	TRBV28*01(163.7)	0.001268	CASATYGQAEQYF	0.6947491528889864
CSARTYGTAYSNQPQHF	TRBV20-1*01	0.001257	CSARTYGTAYSNQPQHF	0.6916483164245522
CASSLDGTGVGYTF	TRBV11-3*01	0.001251	CASSLDGTGVGYTF	0.6941146721106434
CSARELTNTGELFF	TRBV20-1*01	0.001241	CSARELTNTGELFF	0.6829223064461263
CASTRVTSDEQFF	TRBV2*01	0.001237	CASTRVTSDEQFF	0.6231393548157039
CSVEWYGGYNEQFF	TRBV29-1*02	0.001232	CSVEWYGGYNEQFF	0.6868946576994162
CASSYGDRQYEQYF	TRBV7-9*01	0.00123	CASSYGDRQYEQYF	0.5678305248392258
CASRMGLGDTGANVLTF	TRBV5-1*01	0.001228	CASRMGLGDTGANVLTF	0.6841691619440404
CASRDRGLIGNQPQHF	TRBV27*01(174.5)	0.001225	CASRDRGLIGNQPQHF	0.6476582429302656
CASSRGDSNQPQHF	TRBV19*03	0.001224	CASSRGDSNQPQHF	0.6176935773449256
CSAVSQTTDTQYF	TRBV20-1*01	0.001208	CSAVSQTTDTQYF	0.6807675369095775
CATSEGGQGANEQFF	TRBV24-1*01	0.0012	CATSEGGQGANEQFF	0.682367017176428
CASSPRGQGGEKLFF	TRBV9*01	0.001199	CASSPRGQGGEKLFF	0.602179302553617
CASSLWTSRNEQFF	TRBV28*01(179.5)	0.00119	CASSLWTSRNEQFF	0.6802856823745752
CASSGGTGDLADTQYF	TRBV19*01	0.001188	CASSGGTGDLADTQYF	0.7482542922783966
CASSEPEQGASHEQYF	TRBV6-1*01	0.001176	CASSEPEQGASHEQYF	0.634781002160187
CASSQQGAGNTEAFF	TRBV6-6*04	0.001162	CASSQQGAGNTEAFF	0.5005668543644552
CASSPGQGTQPQHF	TRBV6-6*05	0.001162	CASSPGQGTQPQHF	0.5600835771798748
CASRLLGEGYNEQFF	TRBV6-2*01	0.001159	CASRLLGEGYNEQFF	0.6086720704941718
CASSSAGTEAFF	TRBV28*01(184.6)	0.001158	CASSSAGTEAFF	0.5680307270490256
CASSPNYGEPVF	TRBV4-3*01	0.001152	CASSPNYGEPVF	0.6448468085962173
CSASVGAGHNEQFF	TRBV20-1*02	0.001147	CSASVGAGHNEQFF	0.6475579245930747
CASGHRNYEQYF	TRBV13*01	0.001146	CASGHRNYEQYF	0.6121618842307431
CATSPHRASNTGELFF	TRBV24-1*01	0.001134	CATSPHRASNTGELFF	0.7357734391647455
CASSQVQDAPLHF	TRBV4-1*01(412.3)	0.001132	CASSQVQDAPLHF	0.6261992692986791
CASSLLAGATDTQYF	TRBV27*01(180.6)	0.00113	CASSLLAGATDTQYF	0.6218831638456337
CASSEGQWNTEAFF	TRBV6-1*01	0.001124	CASSEGQWNTEAFF	0.5595751993158408
CASSSSLRGRNQPQHF	TRBV6-2*01	0.001121	CASSSSLRGRNQPQHF	0.6169326478495119
CASSRERSSDTRNTQYF	TRBV27*01(174.7)	0.001119	CASSRERSSDTRNTQYF	0.659026872108725
CSARDRAVYEQYF	TRBV20-1*01	0.001118	CSARDRAVYEQYF	0.6540737163420244
CSVSTGLVQYF	TRBV29-1*01	0.001117	CSVSTGLVQYF	0.6577752299430636
CASSSEGTEQYF	TRBV6-5*01	0.001115	CASSSEGTEQYF	0.5765112840265063
CASRPERGTSGRIYNEQFF	TRBV19*01	0.001092	CASRPERGTSGRIYNEQFF	0.709928229999217
CASSPRPQVTEQYF	TRBV18*01(513.2)	0.001091	CASSPRPQVTEQYF	0.7338907840350717
CASSFSPTRVEQYF	TRBV7-8*01	0.00109	CASSFSPTRVEQYF	0.7176292294595374
CSARIRDGNEKLFF	TRBV20-1*01	0.001089	CSARIRDGNEKLFF	0.674524468558647
CSVFSYGEQYF	TRBV29-1*01	0.001089	CSVFSYGEQYF	0.6636046034750406
CASSLTVRAPALFYEQYF	TRBV28*01(194.6)	0.001083	CASSLTVRAPALFYEQYF	0.7302814409370793
CSAPDRSPYEQYF	TRBV20-1*01	0.001081	CSAPDRSPYEQYF	0.6848582976380254
CASSGGAVNTGELFF	TRBV2*01	0.001071	CASSGGAVNTGELFF	0.5433848525003276
CATSDLGGTEFF	TRBV24-1*01	0.001069	CATSDLGGTEFF	0.6759085293256937
CASSFQRGSNEQYF	TRBV28*01(189.8)	0.001066	CASSFQRGSNEQYF	0.6700931437344018
CASSIFRGSNINEQYF	TRBV19*01	0.001062	CASSIFRGSNINEQYF	0.6434738160497616
CAWSGTPNTGELFF	TRBV30*01	0.001061	CAWSGTPNTGELFF	0.6787545857457643
CASSLEGANTGELFF	TRBV5-1*01	0.00106	CASSLEGANTGELFF	0.5740176735767251
CSARKDRNYGYTF	TRBV20-1*01	0.001058	CSARKDRNYGYTF	0.7359892631980289
CSASKSGAQPQHF	TRBV20-1*04	0.001055	CSASKSGAQPQHF	0.696903259088512
CASSESADTHLSQYF	TRBV6-1*01	0.001051	CASSESADTHLSQYF	0.7058770304719827
CASNNRGMNTEAFF	TRBV12-3*01	0.00105	CASNNRGMNTEAFF	0.6165649178432806
CATRSRDSYEQYF	TRBV12-3*01	0.001044	CATRSRDSYEQYF	0.6561135828975005
CASSRGLTGGYGYTF	TRBV7-2*01	0.001041	CASSRGLTGGYGYTF	0.6657478990288183
CSPTLPRDRNTEAFF	TRBV20-1*02	0.001041	CSPTLPRDRNTEAFF	0.6385999038970381
CASSERTEREAFF	TRBV28*01(179.4)	0.00104	CASSERTEREAFF	0.6679567552525296
CAWRGAGVNQPQHF	TRBV30*01	0.001037	CAWRGAGVNQPQHF	0.5841253175917864
CASSLIGDEQFF	TRBV7-9*01	0.001033	CASSLIGDEQFF	0.5708103586476492
CASSARGPQGYGYTF	TRBV7-9*04	0.001032	CASSARGPQGYGYTF	0.7138300011408717
CSATLSGRPQNEQFF	TRBV20-1*01	0.001032	CSATLSGRPQNEQFF	0.6693149373823271
CASSQEDSGDYQETQYF	TRBV4-2*01	0.001028	CASSQEDSGDYQETQYF	0.6583489960879675
CASSSQVADTQYF	TRBV28*01(184.8)	0.001026	CASSSQVADTQYF	0.6686318590982996
CSARRLGGNQPQHF	TRBV20-1*01	0.001025	CSARRLGGNQPQHF	0.6529665285600211
CSVEDRRISYEQYF	TRBV29-1*01	0.001021	CSVEDRRISYEQYF	0.6625224691362644
CASSLTARNEQFF	TRBV27*01(190.8)	0.001016	CASSLTARNEQFF	0.5770235131037956
CASSRWGGNYEQYF	TRBV28*01(179.9)	0.001014	CASSRWGGNYEQYF	0.577762973716055
CASSLRDTQYF	TRBV28*01(190)	0.001011	CASSLRDTQYF	0.5403601962425438
CASSPPQGMRETQYF	TRBV28*01(179.1)	0.001011	CASSPPQGMRETQYF	0.7022228690816649
CASSPGTNEKLFF	TRBV28*01(180)	0.001007	CASSPGTNEKLFF	0.5507565937482684
CASSQDGTSGYTF	TRBV4-1*01(419.3)	0.001007	CASSQDGTSGYTF	0.5853098830432282
CASSSPQNEKLFF	TRBV28*01(184.9)	0.001005	CASSSPQNEKLFF	0.6423105141121118
CASSPDDGNQPQHF	TRBV7-9*01	0.001002	CASSPDDGNQPQHF	0.5472411327450888
CASSVAGRNEQFF	TRBV6-1*01	0.001	CASSVAGRNEQFF	0.5529770393642403
CASSPLAGETQYF	TRBV18*01(503.4)	0.000991	CASSPLAGETQYF	0.5804927195654971
CASSPGTNTGELFF	TRBV7-3*01	0.000989	CASSPGTNTGELFF	0.5812427976608211
CASSPTSETYEQYF	TRBV18*01(504.1)	0.000986	CASSPTSETYEQYF	0.5926592325961614
CASSLYTLNTEAFF	TRBV5-1*01	0.000986	CASSLYTLNTEAFF	0.6663969081619604
CASSLTGGPGETQYF	TRBV5-1*01	0.000985	CASSLTGGPGETQYF	0.6535500486417942
CASSAEGRGNGYTF	TRBV6-4*01	0.000981	CASSAEGRGNGYTF	0.6930471394262222
CASSNYPGQPQHF	TRBV9*01	0.000981	CASSNYPGQPQHF	0.5999081762595969
CASSLNYGYTF	TRBV28*01(189.6)	0.00098	CASSLNYGYTF	0.5843292228949253
CASSPFTSSGNTIYF	TRBV18*01(508.7)	0.000979	CASSPFTSSGNTIYF	0.5615561473628626
CASSAWGDSGNTIYF	TRBV7-2*01	0.000976	CASSAWGDSGNTIYF	0.6313866058594408
CSASIGYNEQFF	TRBV20-1*04	0.000972	CSASIGYNEQFF	0.6158727857786523
CASSPEGQGALYEQYF	TRBV5-1*01	0.000966	CASSPEGQGALYEQYF	0.6361557125470323
CASSWTGGDYNEQFF	TRBV27*01(184.9)	0.000951	CASSWTGGDYNEQFF	0.6330326461498984
CASSEWSGYTF	TRBV3-1*01	0.000949	CASSEWSGYTF	0.577726032563849
CASSTSGTGVIRNTEAFF	TRBV7-2*01	0.000949	CASSTSGTGVIRNTEAFF	0.745514961127581
CASSLRSFADTQYF	TRBV12-3*01	0.000946	CASSLRSFADTQYF	0.6886724060582802
CSARTGYSVSGNTIYF	TRBV20-1*02	0.00094	CSARTGYSVSGNTIYF	0.6495361109984544
CASSRNSQGAGTDTQYF	TRBV11-3*02	0.000933	CASSRNSQGAGTDTQYF	0.7052628671578146
CATSRVGGANVLTF	TRBV15*01	0.000927	CATSRVGGANVLTF	0.6961101313056499
CASSLWGQGAGTDTQYF	TRBV28*01(203.3)	0.000924	CASSLWGQGAGTDTQYF	0.6900359736241329
CSAPEPPGTSGRDYEQYF	TRBV20-1*01	0.000924	CSAPEPPGTSGRDYEQYF	0.7446917441423228
CSAPRGGDYGYTF	TRBV20-1*01	0.000913	CSAPRGGDYGYTF	0.7222416064248192
CAWSPRGGANQPQHF	TRBV30*01	0.000912	CAWSPRGGANQPQHF	0.5789818101263526
CSASSGQETYNEQFF	TRBV20-1*04	0.00091	CSASSGQETYNEQFF	0.6734468065369097
CASSPRLAANSGDTQYF	TRBV5-1*01	0.000901	CASSPRLAANSGDTQYF	0.6293490816163259
CASTGTAYNEQFF	TRBV2*01	0.000896	CASTGTAYNEQFF	0.6204741782204868
CASSIGTSGIPYNEQFF	TRBV19*01	0.000895	CASSIGTSGIPYNEQFF	0.6891726906145557
CASSSRARGPQHF	TRBV27*01(184.7)	0.000893	CASSSRARGPQHF	0.6129541031262359
CAWSVKQETQYF	TRBV30*01	0.000892	CAWSVKQETQYF	0.6839852142292994
CASSRTISGELFF	TRBV27*01(173.6)	0.000885	CASSRTISGELFF	0.656790814261082
CASSSFVDTQYF	TRBV28*01(184.8)	0.000885	CASSSFVDTQYF	0.7184114394400818
CASSGGGSNQPQHF	TRBV19*01	0.000885	CASSGGGSNQPQHF	0.5431573669162322
CASSLASGNTGELFF	TRBV5-5*01	0.000885	CASSLASGNTGELFF	0.6507054651489637
CASSRTAYNEQFF	TRBV12-3*01	0.000884	CASSRTAYNEQFF	0.5835304711708285
CASRGPNTEAFF	TRBV12-3*01	0.000882	CASRGPNTEAFF	0.500027455389472
CASSQALALSYEQYF	TRBV4-2*01	0.000882	CASSQALALSYEQYF	0.6239655398799923
CATSRGGGNSNEQFF	TRBV15*01	0.000878	CATSRGGGNSNEQFF	0.6239528552281159
CASSFGEVSGANVLTF	TRBV12-3*01	0.000872	CASSFGEVSGANVLTF	0.6194719126352325
CASSEELYNEQFF	TRBV6-1*01	0.000872	CASSEELYNEQFF	0.6233708989725268
CASSLGQTSSYNEQFF	TRBV5-1*01	0.000868	CASSLGQTSSYNEQFF	0.6016168167126328
CASSYTPGARGNTEAFF	TRBV6-5*01	0.000864	CASSYTPGARGNTEAFF	0.6647093477843055
CASSETGQGKAGELFF	TRBV2*01	0.000863	CASSETGQGKAGELFF	0.7092807588422554
CSARGNRGAREQFF	TRBV20-1*01	0.000862	CSARGNRGAREQFF	0.779874678137562
CASSTPLNTEAFF	TRBV6-6*03	0.00086	CASSTPLNTEAFF	0.6006005254572434
CASSSLGNEQFF	TRBV7-8*01	0.00086	CASSSLGNEQFF	0.62908345013411
CSAREGVSEAFF	TRBV20-1*01	0.000854	CSAREGVSEAFF	0.6018884848313203
CASSPSMEVGYEQYF	TRBV27*01(179.8)	0.000843	CASSPSMEVGYEQYF	0.6744954176874653
CASSVLAGGPNEQFF	TRBV9*01	0.00084	CASSVLAGGPNEQFF	0.5769018036334866
CASSEDREGDGYTF	TRBV28*01(179.5)	0.000827	CASSEDREGDGYTF	0.6146922854782387
CASSASGFEQFF	TRBV27*01(179.8)	0.000821	CASSASGFEQFF	0.6714671480760076
CASMEGLAGARDTQYF	TRBV19*01	0.000809	CASMEGLAGARDTQYF	0.6965766949564491
CASSYSQLNYGYTF	TRBV6-5*01	0.000808	CASSYSQLNYGYTF	0.6349249638910263
CASCQDRNTGELFF	TRBV6-6*05	0.000808	CASCQDRNTGELFF	0.6646539373814487
CASSAQGGITYEQYF	TRBV9*03	0.000801	CASSAQGGITYEQYF	0.6189724003360009
CSARDQRQLDGGYTF	TRBV20-1*01	0.000797	CSARDQRQLDGGYTF	0.8192169920872808
CASSESGGLGFF	TRBV10-1*01	0.000793	CASSESGGLGFF	0.5737881439724116
CASSTGGNEQFF	TRBV19*01	0.000788	CASSTGGNEQFF	0.5786807183418995
CASSIVPKTGELFF	TRBV27*01(179.6)	0.000783	CASSIVPKTGELFF	0.6845819582327415
CASSLGTSTDTQYF	TRBV12-3*01	0.000778	CASSLGTSTDTQYF	0.5835987966284225
CASSLLGSNEQFF	TRBV5-1*01	0.000773	CASSLLGSNEQFF	0.5303660297172083
CASGRSAMNTEAFF	TRBV3-1*01	0.000765	CASGRSAMNTEAFF	0.5993365504233503
CASSLGAGGAYTEAFF	TRBV5-1*01	0.000764	CASSLGAGGAYTEAFF	0.6648949946780257
CASSDGQGLDTQYF	TRBV6-4*01	0.000757	CASSDGQGLDTQYF	0.665225385513343
CSARETPGGTDTQYF	TRBV20-1*01	0.000748	CSARETPGGTDTQYF	0.7037615291308874
CASSPRSGTEYEQYF	TRBV4-1*01(397.6)	0.000746	CASSPRSGTEYEQYF	0.538509609925388
CASIGVAGLETQYF	TRBV2*01	0.000737	CASIGVAGLETQYF	0.6272383515264256
CASSEVVPMNTEAFF	TRBV6-1*01	0.000733	CASSEVVPMNTEAFF	0.6353500758537074
CASSEAPEDTQYF	TRBV6-1*01(194.7)	0.000733	CASSEAPEDTQYF	0.5953848119348137
CATTPEIENIQYF	TRBV2*01	0.000726	CATTPEIENIQYF	0.7946488273447208
CASQGDTYNEQFF	TRBV19*01	0.00072	CASQGDTYNEQFF	0.6180141666577392
CASSFTSGTRADTQYF	TRBV7-2*01	0.00072	CASSFTSGTRADTQYF	0.7201039001574606
CAISPLAGGPADTQYF	TRBV10-3*01	0.000716	CAISPLAGGPADTQYF	0.7243501701445292
CSADTPTSGSTDTQYF	TRBV20-1*01	0.000714	CSADTPTSGSTDTQYF	0.72687124014774
CASTGQGASGELFF	TRBV19*01	0.000713	CASTGQGASGELFF	0.6244039997144653
CASSQGGRSTGELFF	TRBV11-2*03	0.000711	CASSQGGRSTGELFF	0.612980362054819
CASSWDSQSSGANVLTF	TRBV19*03	0.000709	CASSWDSQSSGANVLTF	0.6430626498732808
CASSVRNEQFF	TRBV9*01	0.000708	CASSVRNEQFF	0.5661993986530077
CASSLAQGDGYTF	TRBV5-1*01	0.000705	CASSLAQGDGYTF	0.6616526807372958
CAWRPGQGTSGLSNQPQHF	TRBV30*01	0.000704	CAWRPGQGTSGLSNQPQHF	0.6665312845782491
CASSFDRPNSPLHF	TRBV7-7*01	0.000699	CASSFDRPNSPLHF	0.6679099292531819
CASSQDRGSGRVAHQETQYF	TRBV14*01(290)	0.000696	CASSQDRGSGRVAHQETQYF	0.6846614146916051
CASRRTATGELFF	TRBV7-2*01	0.000696	CASRRTATGELFF	0.6253182092007925
CASSEGDRWNTEAFF	TRBV7-9*04	0.000695	CASSEGDRWNTEAFF	0.5988627404505367
CASSQEGGSGLGANVLTF	TRBV4-1*01(419.5)	0.00069	CASSQEGGSGLGANVLTF	0.6635444854234845
CASRKQGANTGELFF	TRBV6-2*01	0.000687	CASRKQGANTGELFF	0.6316987732867991
CASSLDQGAITGELFF	TRBV7-6*01	0.000687	CASSLDQGAITGELFF	0.6318975392906524
CASSQALWGAEQFF	TRBV4-1*01(402.5)	0.000682	CASSQALWGAEQFF	0.6310252297441475
CSVMIGWDNEQFF	TRBV29-1*01	0.000678	CSVMIGWDNEQFF	0.7076475606333125
CASSLSGRIEDTQYF	TRBV11-2*01	0.000678	CASSLSGRIEDTQYF	0.6665492753442427
CASSLPWTEAFF	TRBV5-6*01	0.000668	CASSLPWTEAFF	0.5331928176585634
CASSGFGQGADTQYF	TRBV11-2*01	0.000666	CASSGFGQGADTQYF	0.7209174914299517
CASSPSRREKLFF	TRBV18*01(503.4)	0.000664	CASSPSRREKLFF	0.615311205107574
CASRPQGGTEAFF	TRBV3-1*01	0.000662	CASRPQGGTEAFF	0.5497049379420033
CASSIAGQVNEKLFF	TRBV19*01	0.000659	CASSIAGQVNEKLFF	0.6248650719926294
CASSVALAGGPDTQYF	TRBV9*01	0.000656	CASSVALAGGPDTQYF	0.7077190515527553
CASSPEISNSPLHF	TRBV18*01(503.4)	0.000652	CASSPEISNSPLHF	0.6343168556320735
CASTSGYGGIANYGYTF	TRBV7-9*05	0.00065	CASTSGYGGIANYGYTF	0.6079679947942671
CSASILRSTDTQYF	TRBV20-1*04	0.000649	CSASILRSTDTQYF	0.7232204709233389
CASSLNSQGRIGYTF	TRBV7-2*01	0.000642	CASSLNSQGRIGYTF	0.7253470272661581
CASRRKPGQSNTGELFF	TRBV28*01(175)	0.000639	CASRRKPGQSNTGELFF	0.6633118673286943
CASSSDRSASGANVLTF	TRBV2*01	0.000637	CASSSDRSASGANVLTF	0.6695649127089212
CASSLVGGSGETQYF	TRBV27*01(194.8)	0.000625	CASSLVGGSGETQYF	0.5631386292728591
CASSLSRTSGIGEQYF	TRBV12-4*02	0.000624	CASSLSRTSGIGEQYF	0.701312869589057
CSAGGLAEATNEQFF	TRBV20-1*01	0.00062	CSAGGLAEATNEQFF	0.683265436242677
CASRPGLRTYNEQFF	TRBV27*01(174.6)	0.000616	CASRPGLRTYNEQFF	0.6501682275725497
CASSLYYQETQYF	TRBV5-1*01	0.000611	CASSLYYQETQYF	0.7078347124273434
CASSPEGVPYNEQFF	TRBV7-3*01(229.3)	0.000611	CASSPEGVPYNEQFF	0.6178395581249136
CASGLVGSNEKLFF	TRBV12-5*01(184.5)	0.000609	CASGLVGSNEKLFF	0.5790113189334901
CASSYLAAGGADTQYF	TRBV6-2*01	0.000605	CASSYLAAGGADTQYF	0.7513912662923428
CASRDYGTGELFF	TRBV27*01(164.5)	0.000604	CASRDYGTGELFF	0.5817768194609059
CASSFTWTSGAKSYEQYF	TRBV27*01(175.9)	0.0006	CASSFTWTSGAKSYEQYF	0.6842893923898588
CASSFGLAGVVEQFF	TRBV7-3*01	0.000597	CASSFGLAGVVEQFF	0.595183829314241
CASSRRVAGAGDNEQFF	TRBV5-1*01	0.000596	CASSRRVAGAGDNEQFF	0.7035327940667879
CASSPGQGRTDTQYF	TRBV7-2*01	0.000595	CASSPGQGRTDTQYF	0.6126849501717501
CASSLGMFQGGYGYTF	TRBV5-6*01	0.000593	CASSLGMFQGGYGYTF	0.7169854673896681
CASHGGQGASSAGTDTQYF	TRBV19*01	0.000593	CASHGGQGASSAGTDTQYF	0.7569897711259004
CASSVAVGLAGGEQFF	TRBV9*01	0.000592	CASSVAVGLAGGEQFF	0.6835071705733303
CSARDRAGGHEKLFF	TRBV20-1*01	0.000588	CSARDRAGGHEKLFF	0.7196563924839294
CSAREVGGGGQPQHF	TRBV20-1*01	0.00058	CSAREVGGGGQPQHF	0.7087700794301776
CASRSFQEAGATGELFF	TRBV28*01(174.8)	0.000578	CASRSFQEAGATGELFF	0.668492769871704
CASSLHERYNEQFF	TRBV11-2*03	0.000578	CASSLHERYNEQFF	0.6337119575509363
CASSQYLAGAGNEQFF	TRBV4-1*01(418)	0.000574	CASSQYLAGAGNEQFF	0.6197668775506432
CSAARTPGANVLTF	TRBV20-1*01	0.00057	CSAARTPGANVLTF	0.7323771396419381
CASGQGATTDTQYF	TRBV11-3*01	0.000568	CASGQGATTDTQYF	0.6848758314375271
CAGKGMRETQYF	TRBV2*01	0.000568	CAGKGMRETQYF	0.6691569783865322
CASSLRGAGTGELFF	TRBV11-2*01	0.000567	CASSLRGAGTGELFF	0.663976291531524
CSAGGTLAGYTF	TRBV29-1*01	0.000565	CSAGGTLAGYTF	0.7541590734095495
CASSLIWDREVGNTIYF	TRBV3-1*01	0.000559	CASSLIWDREVGNTIYF	0.6582749341124016
CASSPDRQTTDTQYF	TRBV5-1*01	0.000557	CASSPDRQTTDTQYF	0.6239165065355726
CSARSPTLSYEQYF	TRBV20-1*01	0.000554	CSARSPTLSYEQYF	0.6792101152561194
CASSISSPPRETQYF	TRBV19*01	0.000546	CASSISSPPRETQYF	0.7715341460060352
CSAGTSGTLKETQYF	TRBV20-1*04	0.000543	CSAGTSGTLKETQYF	0.6626152972952345
CASSLVGAGGTETQYF	TRBV7-2*01	0.000542	CASSLVGAGGTETQYF	0.5914550764790806
CASSLRGLTYNEQFF	TRBV19*01	0.000541	CASSLRGLTYNEQFF	0.619527325824862
CASRQLDNTGELFF	TRBV11-2*03	0.00054	CASRQLDNTGELFF	0.6022627380571001
CASSQGDSGLGQFF	TRBV14*01	0.000532	CASSQGDSGLGQFF	0.6045162993393752
CASSPVLGLSGNEQFF	TRBV18*01(502.2)	0.000529	CASSPVLGLSGNEQFF	0.6077909269279226
CASSPSADTDTQYF	TRBV18*01(508.5)	0.000528	CASSPSADTDTQYF	0.6919616536504838
CASSPGTGNEKLFF	TRBV9*01	0.000527	CASSPGTGNEKLFF	0.5732247636667536
CASSHWVGNREQFF	TRBV3-1*01	0.000524	CASSHWVGNREQFF	0.7046291766746237
CASSPAPGLAGMRETQYF	TRBV27*01(178)	0.00052	CASSPAPGLAGMRETQYF	0.7329702893784507
CASSATGGGQPQHF	TRBV9*03	0.000515	CASSATGGGQPQHF	0.5771964885634614
CASSVLAGAETQYF	TRBV9*01	0.000508	CASSVLAGAETQYF	0.5925750446241489
CASGSGRAYEQYF	TRBV7-9*01	0.000505	CASGSGRAYEQYF	0.6112191720279908
CASSPGRYSNQPQHF	TRBV9*01	0.000505	CASSPGRYSNQPQHF	0.6305395791830033
CASSEFLKLQGEEETQYF	TRBV6-4*01	0.000503	CASSEFLKLQGEEETQYF	0.6365618027727442
CASSLIFTGTGGNLGNTIYF	TRBV18*01(498.1)	0.000494	CASSLIFTGTGGNLGNTIYF	0.6403164752743452
CASSRPGRRQETQYF	TRBV3-1*01	0.000491	CASSRPGRRQETQYF	0.6556118468220244
CASRGTLGTQYF	TRBV28*01(164.2)	0.00049	CASRGTLGTQYF	0.681901162100041
CSVEDSGYTF	TRBV29-1*01	0.000488	CSVEDSGYTF	0.6435184611161019
CSAGGGTQETQYF	TRBV20-1*01	0.00048	CSAGGGTQETQYF	0.6901092734065867
CASSLGGTSGSGEQFF	TRBV5-1*01	0.000469	CASSLGGTSGSGEQFF	0.6387428043735688
CASSQGGRATDTQYF	TRBV3-1*01	0.000467	CASSQGGRATDTQYF	0.6260970242702488
CASTPWGGTNEKLFF	TRBV28*01(168.9)	0.000466	CASTPWGGTNEKLFF	0.6149085227128286
CASTPDRRNYGYTF	TRBV6-6*05	0.000465	CASTPDRRNYGYTF	0.7133199754596815
CATSREGGYEQYF	TRBV15*01	0.000459	CATSREGGYEQYF	0.6058103740403522
CASSIEETQYF	TRBV19*01	0.000458	CASSIEETQYF	0.6677537084164296
CASSISTAAKNIQYF	TRBV19*01	0.000458	CASSISTAAKNIQYF	0.6201574103170924
CASSLASTGGRDIQYF	TRBV7-2*01	0.000458	CASSLASTGGRDIQYF	0.7149684691108369
CASSTALGIVSYEQYF	TRBV7-9*01	0.000455	CASSTALGIVSYEQYF	0.6279114451809719
CSARPYAGTDTQYF	TRBV20-1*01	0.000453	CSARPYAGTDTQYF	0.7065206281464756
CASSMGQGREKLFF	TRBV9*01	0.000453	CASSMGQGREKLFF	0.6631305412180384
CASSPVGTGVSPLHF	TRBV9*03	0.000453	CASSPVGTGVSPLHF	0.6762368725680884
CASSPLERRFGTDTQYF	TRBV7-3*01(241.4)	0.000445	CASSPLERRFGTDTQYF	0.6451034941033655
CASTSGRSIGELFF	TRBV5-6*01	0.000444	CASTSGRSIGELFF	0.663105615107177
CAWSVKGTNEKLFF	TRBV30*01	0.000443	CAWSVKGTNEKLFF	0.6515818243416646
CASTEGTQDTQYF	TRBV11-2*01	0.000441	CASTEGTQDTQYF	0.6897452683430193
CASSVSLQETQYF	TRBV9*01	0.00044	CASSVSLQETQYF	0.6815609041513453
CASGGFGNEQYF	TRBV6-1*01	0.000439	CASGGFGNEQYF	0.6260063365653592
CASSKPGQGLTEAFF	TRBV10-1*01	0.000427	CASSKPGQGLTEAFF	0.566257686706544
CAIGDRSGNTIYF	TRBV27*01(155)	0.000427	CAIGDRSGNTIYF	0.6954818217879185
CASSYMGRGEQYF	TRBV7-6*01	0.000425	CASSYMGRGEQYF	0.7353922565609082
CASSLVPPGTGLDNEQFF	TRBV5-1*01	0.000424	CASSLVPPGTGLDNEQFF	0.662554825823115
CATSETGTGERETQYF	TRBV24-1*01	0.000423	CATSETGTGERETQYF	0.7434174885046848
CASSYSPPRDYNEQFF	TRBV6-2*01	0.00042	CASSYSPPRDYNEQFF	0.7367939836237237
CASSPWGGGTEAFF	TRBV7-9*01	0.000416	CASSPWGGGTEAFF	0.5548975438031197
CAIAGSPDTQYF	TRBV10-3*01	0.000414	CAIAGSPDTQYF	0.7264265092183669
CASSQPTGRSYEQYF	TRBV7-9*01	0.00041	CASSQPTGRSYEQYF	0.6640702655256235
CASSSQGGETQYF	TRBV7-3*01	0.00041	CASSSQGGETQYF	0.6647715279702664
CASSPLSDWSGLIQYF	TRBV27*01(174.8)	0.000401	CASSPLSDWSGLIQYF	0.6745094198514254
CASSLDQRTTQYF	TRBV11-2*01	0.0004	CASSLDQRTTQYF	0.7216341188973205
CASSLFKAGQHTQYF	TRBV7-9*01	0.0004	CASSLFKAGQHTQYF	0.6449838079944629
CASSQAANEQFF	TRBV3-1*01	0.000392	CASSQAANEQFF	0.5297844742327101
CASSSRTGHTISGANVLTF	TRBV12-3*01	0.000391	CASSSRTGHTISGANVLTF	0.6706582438793766
CASSPPDRGAFF	TRBV28*01(179.4)	0.00039	CASSPPDRGAFF	0.6749513876034797
CASSQRQGANTGELFF	TRBV4-2*01	0.000389	CASSQRQGANTGELFF	0.6333083377422053
CASRDTDQETQYF	TRBV6-4*01	0.000389	CASRDTDQETQYF	0.6477610914107542
CAWSVGIGGSTDTQYF	TRBV30*01	0.000386	CAWSVGIGGSTDTQYF	0.658343499356508
CASSAANTGELFF	TRBV6-4*01	0.000383	CASSAANTGELFF	0.5912353101484021
CASSFMDRGVYEQYF	TRBV5-4*01	0.000383	CASSFMDRGVYEQYF	0.6568020331323211
CASSQGGTGELFF	TRBV4-1*01(407.2)	0.00038	CASSQGGTGELFF	0.5904613479449163
CASVGPPWGVAFF	TRBV27*01(164.1)	0.000376	CASVGPPWGVAFF	0.6602986016460137
CASSPPGTGPTNEQFF	TRBV18*01(503.8)	0.000374	CASSPPGTGPTNEQFF	0.5991111283371786
CASSHRTSGRHSSYNEQFF	TRBV2*01	0.000368	CASSHRTSGRHSSYNEQFF	0.722312638609176
CASSTGQRYYNEQFF	TRBV6-2*01	0.000367	CASSTGQRYYNEQFF	0.7131196955867133
CASNGDRGVQGSGANVLTF	TRBV19*01	0.000365	CASNGDRGVQGSGANVLTF	0.6786483162730256
CSAQQGYGEQFF	TRBV20-1*01	0.000359	CSAQQGYGEQFF	0.6723556496921628
CASSLAGGALETQYF	TRBV7-9*01	0.000357	CASSLAGGALETQYF	0.6387395584709852
CAWSDPLTGMNEQFF	TRBV30*01	0.000355	CAWSDPLTGMNEQFF	0.686019378513338
CASSLAGDADTQYF	TRBV7-9*01	0.000353	CASSLAGDADTQYF	0.6566072970521412
CASSQREGAVGVYTEAFF	TRBV7-9*01	0.000352	CASSQREGAVGVYTEAFF	0.6662783291974659
CSVEDPTLAQRLERKNDTDTQYF	TRBV29-1*01	0.000351	CSVEDPTLAQRLERKNDTDTQYF	0.8026731062535006
CASSIEAGQETQYF	TRBV19*01	0.000348	CASSIEAGQETQYF	0.6138749002749475
CSAPGLFYNEQFF	TRBV20-1*01	0.000337	CSAPGLFYNEQFF	0.6888019871531834
CASSPPKSRAFF	TRBV18*01(522.3)	0.000332	CASSPPKSRAFF	0.6985613861197251
CASRGSGGETEAFF	TRBV5-4*01	0.000326	CASRGSGGETEAFF	0.536123538868298
CATQGRAANTGELFF	TRBV10-3*01	0.00032	CATQGRAANTGELFF	0.6480500464853738
CASSWGTGSGELFF	TRBV11-2*03	0.00032	CASSWGTGSGELFF	0.688743110068232
CASSSSSSGRAPAGFF	TRBV7-2*01	0.000317	CASSSSSSGRAPAGFF	0.7119878185026528
CSAEVSYNEQFF	TRBV20-1*01	0.000316	CSAEVSYNEQFF	0.6236371806546893
CASSLAGGTDTQYF	TRBV7-6*01	0.000316	CASSLAGGTDTQYF	0.6479783583079911
CASESDWINEQFF	TRBV10-2*01(163.7)	0.000315	CASESDWINEQFF	0.6359342273051567
CASSQDMRAHQETQYF	TRBV4-1*01(425.2)	0.000314	CASSQDMRAHQETQYF	0.6673152733476722
CATRSSTGEEETQYF	TRBV24-1*01	0.000312	CATRSSTGEEETQYF	0.7083686692628377
CASSFYLAGSTDTQYF	TRBV5-6*01	0.000308	CASSFYLAGSTDTQYF	0.6439939641373731
CASSRGGSGQPQHF	TRBV18*01(493.6)	0.000303	CASSRGGSGQPQHF	0.5285957840210553
CASSIAAYRGLSGEKLFF	TRBV19*01	0.0003	CASSIAAYRGLSGEKLFF	0.781364797679132
CASTPYRGGSNEKLFF	TRBV11-2*01	0.000299	CASTPYRGGSNEKLFF	0.5921284000101177
CASSSQLADTQYF	TRBV7-3*01	0.000298	CASSSQLADTQYF	0.6728408217101068
CASNHGTAAYGYTF	TRBV28*01(169.8)	0.000294	CASNHGTAAYGYTF	0.7310867501358389
CASSRDSPNEKLFF	TRBV2*01	0.000292	CASSRDSPNEKLFF	0.5826643857393334
CSVEALGAQETQYF	TRBV29-1*02	0.000292	CSVEALGAQETQYF	0.6126579483425579
CASSPQSNTEAFF	TRBV3-1*01	0.000288	CASSPQSNTEAFF	0.5206648606585172
CASSLSGTKETQYF	TRBV5-6*01	0.000286	CASSLSGTKETQYF	0.6825641002293673
CASSSMGGGVGVKLWEQYF	TRBV7-9*01	0.000285	CASSSMGGGVGVKLWEQYF	0.8304792552960377
CASSISGSADTQYF	TRBV9*01	0.000283	CASSISGSADTQYF	0.6305512151254378
CASSYSEVETQYF	TRBV6-5*01	0.000279	CASSYSEVETQYF	0.6357640866333351
CASSPGTGPYYTF	TRBV11-2*01	0.000277	CASSPGTGPYYTF	0.632595921799039
CSVLDSPNTGELFF	TRBV29-1*01	0.000275	CSVLDSPNTGELFF	0.641886778191104
CASSWGAAGAELFF	TRBV5-1*01	0.00026	CASSWGAAGAELFF	0.6562219294138253
CASSQQGAPDTQYF	TRBV3-1*01	0.000257	CASSQQGAPDTQYF	0.6447806003168497
CASSPRTDYNEQFF	TRBV18*01(509.4)	0.000256	CASSPRTDYNEQFF	0.5952805551116856
CSARARGQPQETQYF	TRBV20-1*01	0.000256	CSARARGQPQETQYF	0.6781883993497451
CASRGRSPLNTEAFF	TRBV14*01	0.000253	CASRGRSPLNTEAFF	0.6021593334085306
CASSWELLAGGGYEQYF	TRBV5-4*01	0.00025	CASSWELLAGGGYEQYF	0.5975740598921574
CASSEVVPMNTGAFF	TRBV6-1*01	0.000246	CASSEVVPMNTGAFF	0.6528537678306209
CASSEGDRRGEKLFF	TRBV9*01	0.000243	CASSEGDRRGEKLFF	0.6525244105254571
CASSQDGNNEQFF	TRBV11-3*01	0.000242	CASSQDGNNEQFF	0.568249186535972
CVSSEPEQGASHEQYF	TRBV6-1*01	0.000241	CVSSEPEQGASHEQYF	0.727508966787555
CASSQPGWSGNTIYF	TRBV3-2*01	0.000239	CASSQPGWSGNTIYF	0.5808121241745473
CASSPEPTSPTDTQYF	TRBV9*01	0.000231	CASSPEPTSPTDTQYF	0.6623355621705982
CASRGREAARLLAKNIQYF	TRBV11-3*01	0.000228	CASRGREAARLLAKNIQYF	0.7771917526694367
CASRGGSTDTQYF	TRBV3-1*01	0.000228	CASRGGSTDTQYF	0.5658632129851048
CAISDRRGGTGELFF	TRBV10-3*01	0.000226	CAISDRRGGTGELFF	0.7004180853023715
CASSFSGDQETQYF	TRBV9*01	0.000226	CASSFSGDQETQYF	0.6717153743928028
CSDTTENQPQHF	TRBV29-1*01	0.000223	CSDTTENQPQHF	0.631229558191138
CASSQEGDRVQETQYF	TRBV4-1*01(417.6)	0.00022	CASSQEGDRVQETQYF	0.6485871893243363
CASSGTNTNEQFF	TRBV7-7*02	0.00022	CASSGTNTNEQFF	0.6049731646242943
CASSPYSADTQYF	TRBV9*01	0.000219	CASSPYSADTQYF	0.6493964664190313
CASSSRTGANGSPNYEQYF	TRBV9*03	0.000218	CASSSRTGANGSPNYEQYF	0.6758934355208531
CASIPGRGNEQFF	TRBV7-9*01	0.000216	CASIPGRGNEQFF	0.605681422342959
CASRGATNEKLFF	TRBV14*01	0.000213	CASRGATNEKLFF	0.53116000490197
CASGLGGGGVNEQFF	TRBV12-5*01(164.3)	0.000211	CASGLGGGGVNEQFF	0.6665232296451209
CSVEDRDYNEQFF	TRBV29-1*01	0.000211	CSVEDRDYNEQFF	0.6894133442414095
CASSPLAGGATGELFF	TRBV18*01(503.9)	0.000208	CASSPLAGGATGELFF	0.6521322504824018
CASRGRRGTGELFF	TRBV3-1*01	0.000199	CASRGRRGTGELFF	0.6708151937729601
CASSDVTGSIGTQYF	TRBV2*01	0.000199	CASSDVTGSIGTQYF	0.6879493614714968
CSVGTGGNIQYF	TRBV29-1*01	0.000197	CSVGTGGNIQYF	0.7226152339365404
CSVAGDNEKLFF	TRBV29-1*01	0.000197	CSVAGDNEKLFF	0.6146499615373247
CSAREDLRPEQYF	TRBV20-1*01	0.000195	CSAREDLRPEQYF	0.6995338962797112
CASRDGGGTLTGELFF	TRBV5-6*01	0.000193	CASRDGGGTLTGELFF	0.6883109793037374
CASSLGQGDTGELFF	TRBV5-6*01	0.000186	CASSLGQGDTGELFF	0.6019939698282244
CASSSARLTLSSYNEQFF	TRBV7-9*01	0.000182	CASSSARLTLSSYNEQFF	0.6470050360190599
CASSLPIGSSYNEQFF	TRBV7-9*01	0.00018	CASSLPIGSSYNEQFF	0.6628572365364274
CASSLLISGGAYEQYF	TRBV28*01(171.3)	0.000178	CASSLLISGGAYEQYF	0.550637094658259
CASSLGGRGVGETQYF	TRBV5-4*01	0.000178	CASSLGGRGVGETQYF	0.6549238260466461
CASTPGGNQYNEQFF	TRBV4-2*01	0.000177	CASTPGGNQYNEQFF	0.6084006706271063
CASSPSDRGRGGYTF	TRBV6-6*04	0.000175	CASSPSDRGRGGYTF	0.7287083359888562
CASSQGPRGRTGELFF	TRBV4-3*01	0.000175	CASSQGPRGRTGELFF	0.7422386410607907
CASSQDTRPNSGNTIYF	TRBV4-3*01	0.000169	CASSQDTRPNSGNTIYF	0.6890803695020048
CASSSMGGGVGVKLWEQYF	TRBV7-9*01	0.000169	CASSSMGGGVGVKLWEQYF	0.8304792552960377
CSVGDRGREGLETQYF	TRBV29-1*01	0.000168	CSVGDRGREGLETQYF	0.729306105703938
CASSQDMRARQETQYF	TRBV4-1*01(424.3)	0.000168	CASSQDMRARQETQYF	0.7375621691264158
CAWRALAKNIQYF	TRBV30*01	0.000166	CAWRALAKNIQYF	0.7126897286041793
CSAREVHRAVNYGYTF	TRBV20-1*01	0.000163	CSAREVHRAVNYGYTF	0.6881378099829197
CASSLSSYEQYF	TRBV5-6*01	0.000158	CASSLSSYEQYF	0.5726589907327202
CASSTYPPLTVGENNEQFF	TRBV7-6*01	0.000157	CASSTYPPLTVGENNEQFF	0.8001692431352218
CASSYSGPNSPLHF	TRBV6-5*01	0.000156	CASSYSGPNSPLHF	0.6219364220505665
CAGSEGQWNTEAFF	TRBV6-1*01	0.000154	CAGSEGQWNTEAFF	0.6464648586289362
CASGTASSGNTIYF	TRBV10-2*01(162.9)	0.000154	CASGTASSGNTIYF	0.6021142748568324
CASSQQGWNTGELFF	TRBV4-1*01(403.4)	0.000153	CASSQQGWNTGELFF	0.6381214787235396
CAGSRDYRQMSSYNEQFF	TRBV19*03	0.000151	CAGSRDYRQMSSYNEQFF	0.7780958149062195
CASSYGKGQFF	TRBV6-5*01	0.00015	CASSYGKGQFF	0.6811711866646956
CASSQIGLAGGPAYNEQFF	TRBV3-1*01	0.000143	CASSQIGLAGGPAYNEQFF	0.7022101808961171
CASSVGGASYNEQFF	TRBV9*01	0.000141	CASSVGGASYNEQFF	0.6084186415477235
CSATRTVQETQYF	TRBV20-1*02	0.000141	CSATRTVQETQYF	0.7946164948730579
CASSRGDSNQPQHF	TRBV19*03	0.000132	CASSRGDSNQPQHF	0.6176935773449256
CASSGQGRWSSYEQYF	TRBV7-9*04	0.00013	CASSGQGRWSSYEQYF	0.7020565518777956
CASSPTPAGAGANVLTF	TRBV4-1*01(398.6)	0.000129	CASSPTPAGAGANVLTF	0.6750041894293627
CASSFRGPSNQPQHF	TRBV5-6*01	0.000128	CASSFRGPSNQPQHF	0.6346379975967784
CATSRVRGQSASEQYF	TRBV15*01	0.000126	CATSRVRGQSASEQYF	0.7231421953023749
CSARARGQPQETQYF	TRBV20-1*01	0.000126	CSARARGQPQETQYF	0.6781883993497451
CASSQDIAGASTDTQYF	TRBV14*01	0.000124	CASSQDIAGASTDTQYF	0.6600916901637882
CASKGRVSTDTQYF	TRBV14*02	0.000124	CASKGRVSTDTQYF	0.6529039908880265
CASSYSSGTDLTNSPLHF	TRBV6-2*01	0.000122	CASSYSSGTDLTNSPLHF	0.6177697652998478
CSAGTGGNTEAFF	TRBV20-1*01	0.000115	CSAGTGGNTEAFF	0.5340647529440639
CASSLTENTGELFF	TRBV27*01(189.6)	0.000115	CASSLTENTGELFF	0.6031190726946818
CASSLEELRRPEQYF	TRBV28*01(194.6)	0.000112	CASSLEELRRPEQYF	0.6209421124000108
CASSSTGGEETQYF	TRBV13*01	0.00011	CASSSTGGEETQYF	0.6742630147991747
CASSLLAGGEQFF	TRBV7-3*01	0.000109	CASSLLAGGEQFF	0.5926628587228391
CASSPPPRGEAFF	TRBV7-3*01	0.000109	CASSPPPRGEAFF	0.6133135119649404
CATSEGGQGANEQFF	TRBV24-1*01	0.000103	CATSEGGQGANEQFF	0.682367017176428
CASRGRGDHLYEQYF	TRBV6-1*01	0.000102	CASRGRGDHLYEQYF	0.7407573318921633
CASSRDSPNEKLFF	TRBV2*01	0.0001	CASSRDSPNEKLFF	0.5826643857393334
CASSPTELTLSSGNTIYF	TRBV7-8*01	9.7e-05	CASSPTELTLSSGNTIYF	0.6707845518479263
CASSQDWGLSSPLHF	TRBV3-1*01	9.4e-05	CASSQDWGLSSPLHF	0.7332272850981771
CTSSRDYRQMSSYNEQFF	TRBV19*03	9.4e-05	CTSSRDYRQMSSYNEQFF	0.6716383348482161
CSVEDRGREGLETQYF	TRBV29-1*01	9.4e-05	CSVEDRGREGLETQYF	0.7291927032652096
CASSLGPGAGGVNEQFF	TRBV7-2*01	9.3e-05	CASSLGPGAGGVNEQFF	0.6803368614266642
CSVYSGANVLTF	TRBV29-1*01	9.3e-05	CSVYSGANVLTF	0.605064467282274
CASSPRGQASSYNEQFF	TRBV7-9*01	9.1e-05	CASSPRGQASSYNEQFF	0.6588202159555316
CASSELGTKNGYTF	TRBV28*01(179.4)	8.4e-05	CASSELGTKNGYTF	0.7543625519040746
CASSTTSYGCTF	TRBV5-1*01	8.3e-05	CASSTTSYGCTF	0.7378705373426598
CASSPGTSTHEQFF	TRBV9*01	7.9e-05	CASSPGTSTHEQFF	0.629791992799286
CASTSDPPAYEQYF	TRBV28*01(169.6)	7.8e-05	CASTSDPPAYEQYF	0.6148335880017224
CASRRGVNEQFF	TRBV28*01(175)	7.7e-05	CASRRGVNEQFF	0.6148308708280195
CASSVAGQETQYF	TRBV9*01	7.5e-05	CASSVAGQETQYF	0.5732128067373218
CASSQDGTSGYAF	TRBV4-1*01(416)	7.5e-05	CASSQDGTSGYAF	0.585235764766633
CSARPGTGSYEQHF	TRBV20-1*01	7.5e-05	CSARPGTGSYEQHF	0.6289347475158862
CASTSGDIVTLAEAFF	TRBV6-2*01	7.5e-05	CASTSGDIVTLAEAFF	0.7264496543101092
CASSDRGPGELFF	TRBV6-4*01	7.4e-05	CASSDRGPGELFF	0.6375955543411178
CASSLGRAPYEQYF	TRBV7-8*01	7.2e-05	CASSLGRAPYEQYF	0.6161684806495832
CASSYLAAGGADTQCF	TRBV6-2*01	6.7e-05	CASSYLAAGGADTQCF	0.8179021217095056
CASSTGQMNTEAFF	TRBV5-4*01	6.6e-05	CASSTGQMNTEAFF	0.5472656735869509
CASGSPYSATVSTGELFF	TRBV9*01	6.5e-05	CASGSPYSATVSTGELFF	0.6851262769711045
CASSIGTSGIPYNEQFF	TRBV19*01	6.4e-05	CASSIGTSGIPYNEQFF	0.6891726906145557
CASSLEYLAGEYEQYF	TRBV28*01(179.7)	6.2e-05	CASSLEYLAGEYEQYF	0.5937973672291106
CASSLGSGGLYNEQFF	TRBV5-4*01	6e-05	CASSLGSGGLYNEQFF	0.6424012593539606
CASSEEATAAYEQYF	TRBV2*01	6e-05	CASSEEATAAYEQYF	0.6034773704103359
CASRTGTSGRAYNEQFF	TRBV5-4*01	5.9e-05	CASRTGTSGRAYNEQFF	0.701477428354214
CASSLTDVSYEQYF	TRBV11-2*01	5.9e-05	CASSLTDVSYEQYF	0.5441838880641172
CASPPLAGETQYF	TRBV18*01(490.2)	5.8e-05	CASPPLAGETQYF	0.6059242247601
CASSQSQAGYTF	TRBV16*01	5.7e-05	CASSQSQAGYTF	0.6102210115208364
CASSYSSATYGYTF	TRBV6-5*01	5.6e-05	CASSYSSATYGYTF	0.6890096947386588
CASSLNSQGRIGCTF	TRBV7-2*01	5.5e-05	CASSLNSQGRIGCTF	0.8154589546944664
CASSPGTNEKLFF	TRBV28*01(166)	5.5e-05	CASSPGTNEKLFF	0.5507565937482684
CASSPTGETYEQYF	TRBV18*01(505)	5.4e-05	CASSPTGETYEQYF	0.5831288549161711
CASSLNAGVWLVDEQYF	TRBV5-1*01	5.4e-05	CASSLNAGVWLVDEQYF	0.8083238538894447
CASSSGTIVEQYF	TRBV11-2*03	5.3e-05	CASSSGTIVEQYF	0.7242929936802965
CASSVAQGTETQYF	TRBV9*01	5.2e-05	CASSVAQGTETQYF	0.6193303166781283
CATSSFAGEEQYF	TRBV15*02	4.9e-05	CATSSFAGEEQYF	0.6344243586130667
CATSWDTGELFF	TRBV24-1*01	4.9e-05	CATSWDTGELFF	0.6611018518206143
CASSPGQITDTQYF	TRBV5-1*01	4.9e-05	CASSPGQITDTQYF	0.6532082011862091
CASSETGDTQYF	TRBV6-4*01	4.9e-05	CASSETGDTQYF	0.5581267377536573
CASSSPFRDRGVGGELFF	TRBV28*01(156.5)	4.8e-05	CASSSPFRDRGVGGELFF	0.7990917435291641
CASSYSDRRLVAQHF	TRBV6-5*01	4.5e-05	CASSYSDRRLVAQHF	0.6489665572158996
CASSPPKSRAFF	TRBV18*01(525)	4.4e-05	CASSPPKSRAFF	0.6985613861197251
CASSQLVGGRDSSSYEQYF	TRBV4-3*01	4.3e-05	CASSQLVGGRDSSSYEQYF	0.6959233624318844
CASSFSWTGNKPYEQYF	TRBV27*01(191)	4.3e-05	CASSFSWTGNKPYEQYF	0.6909382330660129
CASSLMWREQYF	TRBV12-3*01	4.3e-05	CASSLMWREQYF	0.6008989002672576
CASSLGAVEAFF	TRBV12-3*01	4.3e-05	CASSLGAVEAFF	0.5393223315628768
CASSISSPPRETQYF	TRBV19*01	4.2e-05	CASSISSPPRETQYF	0.7715341460060352
CASSVALAGGPDTQYF	TRBV9*01	4.2e-05	CASSVALAGGPDTQYF	0.7077190515527553
CAWSLPTKLNYGYTF	TRBV30*01	4.1e-05	CAWSLPTKLNYGYTF	0.6944195780335155
CATEAPGTSDEKLFF	TRBV28*01(153.9)	4e-05	CATEAPGTSDEKLFF	0.7247157400274826
CAITERGGNYGYTF	TRBV10-3*01	4e-05	CAITERGGNYGYTF	0.6996790015062584
CASSQRAGAGGEQFF	TRBV3-1*01	4e-05	CASSQRAGAGGEQFF	0.6423300141768388
CASSFTQTGTSVDEQYF	TRBV27*01(190)	4e-05	CASSFTQTGTSVDEQYF	0.6919965398614051
CASSLLPGGANGQYF	TRBV27*01(195)	3.9e-05	CASSLLPGGANGQYF	0.6584690823463117
CASSLPDEQYF	TRBV6-2*01	3.8e-05	CASSLPDEQYF	0.5891378415337517
CASSLRTSGFYEQYF	TRBV27*01(190)	3.8e-05	CASSLRTSGFYEQYF	0.6470788017756366
CASSQESTGPDTQYF	TRBV4-1*01(408.6)	3.8e-05	CASSQESTGPDTQYF	0.6628429703487183
CASSPQTDTQYF	TRBV18*01(509.9)	3.8e-05	CASSPQTDTQYF	0.5498573964157862
CASREPNTEAFF	TRBV12-3*01	3.8e-05	CASREPNTEAFF	0.5234088295788374
CASRTLSGQGGSPLHF	TRBV6-6*03	3.8e-05	CASRTLSGQGGSPLHF	0.7140869639943408
CASSQGFWDQPQHF	TRBV28*01(157.5)	3.8e-05	CASSQGFWDQPQHF	0.6990877331318874
CASSFGFGVGRTQYF	TRBV28*01(190)	3.7e-05	CASSFGFGVGRTQYF	0.7355188463590943
CASSFTSGTRADTQYF	TRBV7-2*01	3.7e-05	CASSFTSGTRADTQYF	0.7201039001574606
CASSLTPPGQGSVADSSYNEQFF	TRBV6-6*04	3.6e-05	CASSLTPPGQGSVADSSYNEQFF	0.7506840793419134
CASSQEWSSGNNEQFF	TRBV4-2*01	3.5e-05	CASSQEWSSGNNEQFF	0.673357914773386
CASSLEQRMRETQYF	TRBV5-1*01	3.5e-05	CASSLEQRMRETQYF	0.6402421231039657
CASSSRLAGGTDTQYF	TRBV27*01(167.2)	3.3e-05	CASSSRLAGGTDTQYF	0.7139793023231182
CASRTGTGNLYEQYF	TRBV27*01(132.2)	3.3e-05	CASRTGTGNLYEQYF	0.6696646017810811
CASGLGGGVNEQFF	TRBV12-5*01(165)	3.3e-05	CASGLGGGVNEQFF	0.645872885604995
CSVPRPSSSYNEQFF	TRBV29-1*01	3.3e-05	CSVPRPSSSYNEQFF	0.6933824070218699
CASSQGVGDNQPQHF	TRBV3-1*01(448)	3.2e-05	CASSQGVGDNQPQHF	0.6608003422963726
CASSLASGYTF	TRBV28*01(190)	3e-05	CASSLASGYTF	0.621635740948837
CASSARNEQFF	TRBV9*03	3e-05	CASSARNEQFF	0.5439728234249369
CASSYDRAGQPQHF	TRBV27*01(175)	3e-05	CASSYDRAGQPQHF	0.5823218922756959
CASSLGAGGPFETQYF	TRBV5-4*01	2.9e-05	CASSLGAGGPFETQYF	0.6489273823195367
CASSKINQPQHF	TRBV27*01(173.6)	2.9e-05	CASSKINQPQHF	0.5530614187498367
CASRPSGGDEQFF	TRBV2*01	2.9e-05	CASRPSGGDEQFF	0.6250524716444064
CASSQDPPTEGLADTQYF	TRBV4-2*01	2.8e-05	CASSQDPPTEGLADTQYF	0.7178917461715617
CASNQQGSTEAFF	TRBV6-1*01	2.8e-05	CASNQQGSTEAFF	0.5783723368603259
CASSLDTGELFF	TRBV4-2*01	2.8e-05	CASSLDTGELFF	0.5936789188159712
CSARDRETSGFSYEQYF	TRBV20-1*01	2.6e-05	CSARDRETSGFSYEQYF	0.6600606896287974
CASSFLSGLDEQFF	TRBV7-8*01	2.6e-05	CASSFLSGLDEQFF	0.6581312393776093
CASSLGLMGGENQPQHF	TRBV28*01(195)	2.6e-05	CASSLGLMGGENQPQHF	0.5767754870909227
CASSLGQGDTGELFF	TRBV5-6*01	2.5e-05	CASSLGQGDTGELFF	0.6019939698282244
CASSLIRDREVGNTIYF	TRBV3-1*01	2.5e-05	CASSLIRDREVGNTIYF	0.6699971575732693
CASSQGQHSNQPQHF	TRBV19*01	2.5e-05	CASSQGQHSNQPQHF	0.6096425397135378
CATSDWSAGNTIYF	TRBV28*01(154)	2.4e-05	CATSDWSAGNTIYF	0.6731425355954247
CASSLRRSSGPLEQYF	TRBV27*01(193.2)	2.3e-05	CASSLRRSSGPLEQYF	0.6174163074104659
CASSSASAYNEQFF	TRBV27*01(185)	2.3e-05	CASSSASAYNEQFF	0.6317604669472866
CASSAGDSPSTDTQYF	TRBV7-7*02	2.3e-05	CASSAGDSPSTDTQYF	0.6471253526781762
CASSLEDGGSLGDTQYF	TRBV28*01(195)	2.3e-05	CASSLEDGGSLGDTQYF	0.647851687912955
CASNGDRGVQGSGANVLTF	TRBV19*01	2.2e-05	CASNGDRGVQGSGANVLTF	0.6786483162730256
CASSVSSSDEQYF	TRBV10-1*01	2.2e-05	CASSVSSSDEQYF	0.6134574190563782
CASRAGRGGTKNIQYF	TRBV7-8*01	2.2e-05	CASRAGRGGTKNIQYF	0.6939556993520333
CASTPWGGANEKLFF	TRBV28*01(170)	2.1e-05	CASTPWGGANEKLFF	0.6165980529708507
CASSSRTKVTYEQYF	TRBV27*01(185)	2.1e-05	CASSSRTKVTYEQYF	0.7303815040066516
CASSSVGTEAFF	TRBV7-8*01	2.1e-05	CASSSVGTEAFF	0.5707929161157932
CASSSQPKSRQGHFYF	TRBV28*01(185)	2.1e-05	CASSSQPKSRQGHFYF	0.746287857391031
CASSPNRTARYGYTF	TRBV18*01(503)	2e-05	CASSPNRTARYGYTF	0.7943482350394628
CASSEVRGGPIGEQYF	TRBV6-1*01	2e-05	CASSEVRGGPIGEQYF	0.7144970871179379
CASIGGRIYYEQYF	TRBV6-2*01	1.9e-05	CASIGGRIYYEQYF	0.6529640433623388
CASSSPRVGNTIYF	TRBV12-3*01	1.9e-05	CASSSPRVGNTIYF	0.6254847839205759
CASSYSGSGSHEQYF	TRBV6-2*01	1.9e-05	CASSYSGSGSHEQYF	0.6970080877356347
CASSGRTGNYGYTF	TRBV9*01	1.9e-05	CASSGRTGNYGYTF	0.5788114514847637
CASSFGRTEQFF	TRBV27*01(190)	1.9e-05	CASSFGRTEQFF	0.5616047990914029
CASSLGDEKLFF	TRBV7-9*01	1.9e-05	CASSLGDEKLFF	0.5875210193343011
CATQPGQKNQPQHF	TRBV6-1*01	1.8e-05	CATQPGQKNQPQHF	0.6383872340334528
CASNGDRGVQGSVANVLTF	TRBV19*01	1.8e-05	CASNGDRGVQGSVANVLTF	0.6867883767682779
CASQGANTEAFF	TRBV9*01	1.8e-05	CASQGANTEAFF	0.455807677220125
CATSRSPGGRQYEQYF	TRBV15*01	1.8e-05	CATSRSPGGRQYEQYF	0.7362452322927453
CASSLGTRVNEQYF	TRBV27*01(172.2)	1.8e-05	CASSLGTRVNEQYF	0.6540375993464892
CASRVGVSTDTQYF	TRBV5-1*01	1.8e-05	CASRVGVSTDTQYF	0.6139529417369955
CASSVEDAVSYEQYF	TRBV9*01	1.8e-05	CASSVEDAVSYEQYF	0.6663152780511816
CASRPRGANTGELFF	TRBV27*01(175)	1.8e-05	CASRPRGANTGELFF	0.6519956557069899
CAWSPDTEAFF	TRBV30*01	1.8e-05	CAWSPDTEAFF	0.5307414468802912
CASSLIGGTGDEQYF	TRBV5-5*01	1.7e-05	CASSLIGGTGDEQYF	0.6581017754202725
CASSYAAYEQYF	TRBV6-2*01	1.7e-05	CASSYAAYEQYF	0.6130178686207143
CASSTGQGQSYGQHF	TRBV11-2*01	1.7e-05	CASSTGQGQSYGQHF	0.6567810328747788
CASSRGDSNQPHHF	TRBV19*03	1.7e-05	CASSRGDSNQPHHF	0.6039469891596397
CASSVRQYPYEQYF	TRBV10-2*01(183.3)	1.6e-05	CASSVRQYPYEQYF	0.6217616120049394
CASSGTSGMETQYF	TRBV5-4*01	1.6e-05	CASSGTSGMETQYF	0.6472913750946717
CASSDGHGSNTEAFF	TRBV5-1*01	1.6e-05	CASSDGHGSNTEAFF	0.6346965814852655
CASSPRVGSYEQYF	TRBV3-1*01	1.6e-05	CASSPRVGSYEQYF	0.5352292994965188
CSVLTGETYEQYF	TRBV29-1*01	1.6e-05	CSVLTGETYEQYF	0.5891747828221254
CSATGTSGRGGVRDTQYF	TRBV20-1*01	1.5e-05	CSATGTSGRGGVRDTQYF	0.8166055566348536
CASSLGQNDSPLHF	TRBV5-1*01	1.5e-05	CASSLGQNDSPLHF	0.6402510468182463
CASSNWESRDNYGYTF	TRBV5-1*01	1.4e-05	CASSNWESRDNYGYTF	0.6953038772439226
CASRATGGEQYF	TRBV6-6*05	1.4e-05	CASRATGGEQYF	0.6284092316189922
CASSEKETSGDRTQYF	TRBV5-1*01	1.4e-05	CASSEKETSGDRTQYF	0.7042032476072606
CASSHDRRQGGLSGRSYEQFF	TRBV27*01(175)	1.4e-05	CASSHDRRQGGLSGRSYEQFF	0.7213490892017625
CASSATGFQVDTEAFF	TRBV19*01	1.4e-05	CASSATGFQVDTEAFF	0.7110476739923829
CASSPIAGEWADTQYF	TRBV28*01(176.5)	1.4e-05	CASSPIAGEWADTQYF	0.7453841693962965
CASSYTSSGSETQYF	TRBV6-5*01	1.4e-05	CASSYTSSGSETQYF	0.5902200314334536
CASSVATGDDTEAFF	TRBV9*01	1.4e-05	CASSVATGDDTEAFF	0.6611243265654946
CSVGVNTEAFF	TRBV29-1*02	1.4e-05	CSVGVNTEAFF	0.5046747100912462
CASSRPGQGYEQYF	TRBV14*01	1.3e-05	CASSRPGQGYEQYF	0.5550573145502657
CASSDPRGQLVYEQYF	TRBV6-1*01	1.3e-05	CASSDPRGQLVYEQYF	0.6404117257172629
CASKDGRSSYNEQFF	TRBV28*01(162.4)	1.3e-05	CASKDGRSSYNEQFF	0.7068097201841027
CASSAVDSTDTQYF	TRBV28*01(175)	1.3e-05	CASSAVDSTDTQYF	0.622626507915356
CASSPGPNYEQYF	TRBV5-1*01	1.3e-05	CASSPGPNYEQYF	0.5544445757905048
CSAGGGTQETQHF	TRBV20-1*01	1.3e-05	CSAGGGTQETQHF	0.6802948347731849
CASSSGRSDTDTQYF	TRBV6-2*01	1.3e-05	CASSSGRSDTDTQYF	0.6452678316175237
CASSFGPGAYPEQYF	TRBV11-1*01	1.3e-05	CASSFGPGAYPEQYF	0.7231399041028213
CASSVTGLNSPLHF	TRBV28*01(175)	1.3e-05	CASSVTGLNSPLHF	0.5877396282091549
CASSRQWNQPQHF	TRBV27*01(175)	1.3e-05	CASSRQWNQPQHF	0.5597103503456552
CASSEAGGNQPQHF	TRBV6-1*01(180.3)	1.2e-05	CASSEAGGNQPQHF	0.49459922085295277
CASSSRTWGYTF	TRBV19*01	1.2e-05	CASSSRTWGYTF	0.63521222106864
CAWVLNTEAFF	TRBV30*05	1.1e-05	CAWVLNTEAFF	0.5660488718829166
CASSLCTAGTENNQPQHF	TRBV28*01(212.2)	1e-05	CASSLCTAGTENNQPQHF	0.7680573433473186
CASSGTGGGETQYF	TRBV2*01	1e-05	CASSGTGGGETQYF	0.5686088014828284
CASSLYQRTTQYF	TRBV11-2*01	9e-06	CASSLYQRTTQYF	0.7598504240432274
CASSPNSRWGQTTYEQYF	TRBV5-1*01	9e-06	CASSPNSRWGQTTYEQYF	0.6804175490563603
CASSQDRWTGYTF	TRBV14*01	8e-06	CASSQDRWTGYTF	0.670724395735307
CASSATDANSPLHF	TRBV7-9*04	7e-06	CASSATDANSPLHF	0.5787708660309465
CASSEYWLAASSTDTQYF	TRBV25-1*01(80.5)	6e-06	CASSEYWLAASSTDTQYF	0.6867631049165454
CAWSVSGGAEAFF	TRBV30*01	6e-06	CAWSVSGGAEAFF	0.6061811756681716
